,Date,Score Type,Visitor Team,VisitorPts,Home Team,HomePts,OT?,Notes
0,7:00 PM,Box Score,Orlando Magic,87,Indiana Pacers,97,,
1,10:30 PM,Box Score,Los Angeles Clippers,103,Los Angeles Lakers,116,,
2,8:00 PM,Box Score,Chicago Bulls,95,Miami Heat,107,,
3,7:00 PM,Box Score,Brooklyn Nets,94,Cleveland Cavaliers,98,,
4,8:30 PM,Box Score,Atlanta Hawks,109,Dallas Mavericks,118,,
5,7:30 PM,Box Score,Washington Wizards,102,Detroit Pistons,113,,
6,10:30 PM,Box Score,Los Angeles Lakers,94,Golden State Warriors,125,,
7,8:00 PM,Box Score,Charlotte Bobcats,83,Houston Rockets,96,,
8,8:00 PM,Box Score,Orlando Magic,115,Minnesota Timberwolves,120,OT,
9,8:00 PM,Box Score,Indiana Pacers,95,New Orleans Pelicans,90,,
10,7:30 PM,Box Score,Milwaukee Bucks,83,New York Knicks,90,,
11,7:00 PM,Box Score,Miami Heat,110,Philadelphia 76ers,114,,
12,10:00 PM,Box Score,Portland Trail Blazers,91,Phoenix Suns,104,,
13,10:00 PM,Box Score,Denver Nuggets,88,Sacramento Kings,90,,
14,8:30 PM,Box Score,Memphis Grizzlies,94,San Antonio Spurs,101,,
15,7:00 PM,Box Score,Boston Celtics,87,Toronto Raptors,93,,
16,9:00 PM,Box Score,Oklahoma City Thunder,101,Utah Jazz,98,,
17,8:00 PM,Box Score,New York Knicks,81,Chicago Bulls,82,,
18,10:30 PM,Box Score,Golden State Warriors,115,Los Angeles Clippers,126,,
19,7:30 PM,Box Score,Toronto Raptors,95,Atlanta Hawks,102,,
20,7:30 PM,Box Score,Milwaukee Bucks,105,Boston Celtics,98,,
21,8:00 PM,Box Score,Miami Heat,100,Brooklyn Nets,101,,
22,7:00 PM,Box Score,Cleveland Cavaliers,84,Charlotte Bobcats,90,,
23,9:00 PM,Box Score,Portland Trail Blazers,113,Denver Nuggets,98,,
24,8:00 PM,Box Score,Dallas Mavericks,105,Houston Rockets,113,,
25,10:30 PM,Box Score,San Antonio Spurs,91,Los Angeles Lakers,85,,
26,8:00 PM,Box Score,Detroit Pistons,108,Memphis Grizzlies,111,OT,
27,8:00 PM,Box Score,Oklahoma City Thunder,81,Minnesota Timberwolves,100,,
28,7:00 PM,Box Score,New Orleans Pelicans,90,Orlando Magic,110,,
29,10:00 PM,Box Score,Utah Jazz,84,Phoenix Suns,87,,
30,10:00 PM,Box Score,Los Angeles Clippers,110,Sacramento Kings,101,,
31,7:00 PM,Box Score,Philadelphia 76ers,109,Washington Wizards,102,,
32,8:30 PM,Box Score,Memphis Grizzlies,99,Dallas Mavericks,111,,
33,10:30 PM,Box Score,Sacramento Kings,87,Golden State Warriors,98,,
34,7:00 PM,Box Score,Cleveland Cavaliers,74,Indiana Pacers,89,,
35,8:30 PM,Box Score,Toronto Raptors,97,Milwaukee Bucks,90,,
36,8:00 PM,Box Score,Charlotte Bobcats,84,New Orleans Pelicans,105,,
37,7:30 PM,Box Score,Chicago Bulls,104,Philadelphia 76ers,107,,
38,10:00 PM,Box Score,San Antonio Spurs,105,Portland Trail Blazers,115,,
39,9:00 PM,Box Score,Houston Rockets,104,Utah Jazz,93,,
40,6:00 PM,Box Score,Boston Celtics,77,Detroit Pistons,87,,
41,9:30 PM,Box Score,Atlanta Hawks,103,Los Angeles Lakers,105,,
42,6:00 PM,Box Score,Washington Wizards,93,Miami Heat,103,,
43,7:30 PM,Box Score,Minnesota Timberwolves,109,New York Knicks,100,,
44,7:00 PM,Box Score,Phoenix Suns,96,Oklahoma City Thunder,103,,
45,6:00 PM,Box Score,Brooklyn Nets,86,Orlando Magic,107,,
46,7:00 PM,Box Score,Minnesota Timberwolves,92,Cleveland Cavaliers,93,,
47,10:30 PM,Box Score,Houston Rockets,118,Los Angeles Clippers,137,,
48,8:00 PM,Box Score,Boston Celtics,88,Memphis Grizzlies,95,,
49,7:00 PM,Box Score,Golden State Warriors,110,Philadelphia 76ers,90,,
50,7:30 PM,Box Score,Utah Jazz,88,Brooklyn Nets,104,,
51,8:30 PM,Box Score,Los Angeles Lakers,104,Dallas Mavericks,123,,
52,9:00 PM,Box Score,San Antonio Spurs,102,Denver Nuggets,94,,
53,7:30 PM,Box Score,Indiana Pacers,99,Detroit Pistons,91,,
54,8:00 PM,Box Score,Phoenix Suns,104,New Orleans Pelicans,98,,
55,7:30 PM,Box Score,Charlotte Bobcats,102,New York Knicks,97,,
56,10:00 PM,Box Score,Houston Rockets,116,Portland Trail Blazers,101,,
57,10:00 PM,Box Score,Atlanta Hawks,105,Sacramento Kings,100,,
58,7:00 PM,Box Score,Miami Heat,104,Toronto Raptors,95,,
59,7:30 PM,Box Score,Utah Jazz,87,Boston Celtics,97,,
60,7:00 PM,Box Score,Toronto Raptors,90,Charlotte Bobcats,92,,
61,7:00 PM,Box Score,Chicago Bulls,80,Indiana Pacers,97,,
62,8:00 PM,Box Score,New Orleans Pelicans,99,Memphis Grizzlies,84,,
63,8:00 PM,Box Score,Cleveland Cavaliers,104,Milwaukee Bucks,109,,
64,8:00 PM,Box Score,Golden State Warriors,106,Minnesota Timberwolves,93,,
65,9:30 PM,Box Score,Dallas Mavericks,93,Oklahoma City Thunder,107,,
66,7:00 PM,Box Score,Los Angeles Clippers,90,Orlando Magic,98,,
67,7:00 PM,Box Score,Washington Wizards,116,Philadelphia 76ers,102,,
68,8:30 PM,Box Score,Phoenix Suns,96,San Antonio Spurs,99,,
69,9:00 PM,Box Score,Atlanta Hawks,107,Denver Nuggets,109,,
70,9:30 PM,Box Score,Los Angeles Lakers,99,Houston Rockets,98,,
71,7:00 PM,Box Score,Los Angeles Clippers,97,Miami Heat,102,,
72,7:00 PM,Box Score,New York Knicks,101,Charlotte Bobcats,91,,
73,8:00 PM,Box Score,Utah Jazz,73,Chicago Bulls,97,,
74,7:30 PM,Box Score,Oklahoma City Thunder,119,Detroit Pistons,110,,
75,7:00 PM,Box Score,Toronto Raptors,84,Indiana Pacers,91,,
76,8:00 PM,Box Score,Dallas Mavericks,108,Minnesota Timberwolves,116,,
77,8:00 PM,Box Score,Los Angeles Lakers,85,New Orleans Pelicans,96,,
78,7:00 PM,Box Score,Boston Celtics,91,Orlando Magic,89,,
79,7:00 PM,Box Score,Cleveland Cavaliers,79,Philadelphia 76ers,94,,
80,9:00 PM,Box Score,Denver Nuggets,103,Phoenix Suns,114,,
81,10:00 PM,Box Score,Sacramento Kings,91,Portland Trail Blazers,104,,
82,8:30 PM,Box Score,Golden State Warriors,74,San Antonio Spurs,76,,
83,7:00 PM,Box Score,Brooklyn Nets,108,Washington Wizards,112,OT,
84,7:30 PM,Box Score,Orlando Magic,94,Atlanta Hawks,104,,
85,7:30 PM,Box Score,Indiana Pacers,96,Brooklyn Nets,91,,
86,7:30 PM,Box Score,Philadelphia 76ers,125,Cleveland Cavaliers,127,2OT,
87,8:00 PM,Box Score,Los Angeles Clippers,107,Houston Rockets,94,,
88,8:00 PM,Box Score,Golden State Warriors,90,Memphis Grizzlies,108,,
89,7:30 PM,Box Score,Boston Celtics,111,Miami Heat,110,,
90,8:30 PM,Box Score,Dallas Mavericks,91,Milwaukee Bucks,83,,
91,10:00 PM,Box Score,Portland Trail Blazers,96,Sacramento Kings,85,,
92,7:00 PM,Box Score,Utah Jazz,91,Toronto Raptors,115,,
93,9:30 PM,Box Score,Minnesota Timberwolves,113,Los Angeles Lakers,90,,
94,12:00 AM,Box Score,San Antonio Spurs,120,New York Knicks,89,,
95,7:00 PM,Box Score,Washington Wizards,105,Oklahoma City Thunder,106,OT,
96,8:00 PM,Box Score,New Orleans Pelicans,94,Phoenix Suns,101,,
97,7:30 PM,Box Score,Orlando Magic,105,Boston Celtics,120,,
98,7:00 PM,Box Score,Atlanta Hawks,103,Charlotte Bobcats,94,,
99,8:00 PM,Box Score,Cleveland Cavaliers,81,Chicago Bulls,96,,
100,8:00 PM,Box Score,Toronto Raptors,104,Houston Rockets,110,2OT,
101,7:00 PM,Box Score,Memphis Grizzlies,79,Indiana Pacers,95,,
102,10:30 PM,Box Score,Minnesota Timberwolves,107,Los Angeles Clippers,109,,
103,7:00 PM,Box Score,San Antonio Spurs,109,Philadelphia 76ers,85,,
104,10:00 PM,Box Score,Detroit Pistons,103,Portland Trail Blazers,109,,
105,9:00 PM,Box Score,Denver Nuggets,100,Utah Jazz,81,,
106,8:30 PM,Box Score,Washington Wizards,95,Dallas Mavericks,105,,
107,10:30 PM,Box Score,Detroit Pistons,95,Golden State Warriors,113,,
108,10:30 PM,Box Score,New Orleans Pelicans,95,Los Angeles Lakers,116,,
109,7:30 PM,Box Score,Milwaukee Bucks,95,Miami Heat,118,,
110,8:00 PM,Box Score,New York Knicks,95,Atlanta Hawks,91,,
111,7:30 PM,Box Score,Charlotte Bobcats,89,Boston Celtics,83,,
112,9:00 PM,Box Score,Los Angeles Lakers,99,Denver Nuggets,111,,
113,10:30 PM,Box Score,Oklahoma City Thunder,103,Los Angeles Clippers,111,,
114,8:00 PM,Box Score,Toronto Raptors,103,Memphis Grizzlies,87,,
115,8:00 PM,Box Score,Cleveland Cavaliers,95,Minnesota Timberwolves,124,,
116,7:00 PM,Box Score,Milwaukee Bucks,91,Orlando Magic,94,,
117,7:00 PM,Box Score,Houston Rockets,117,Philadelphia 76ers,123,OT,
118,10:00 PM,Box Score,Phoenix Suns,89,Portland Trail Blazers,90,,
119,10:00 PM,Box Score,Brooklyn Nets,86,Sacramento Kings,107,,
120,8:30 PM,Box Score,Washington Wizards,79,San Antonio Spurs,92,,
121,9:00 PM,Box Score,New Orleans Pelicans,105,Utah Jazz,111,,
122,10:30 PM,Box Score,Oklahoma City Thunder,115,Golden State Warriors,116,,
123,8:00 PM,Box Score,Houston Rockets,109,New York Knicks,106,,
124,7:30 PM,Box Score,Philadelphia 76ers,103,Atlanta Hawks,113,,
125,7:30 PM,Box Score,Portland Trail Blazers,109,Boston Celtics,96,,
126,7:30 PM,Box Score,Charlotte Bobcats,86,Cleveland Cavaliers,80,,
127,8:00 PM,Box Score,Minnesota Timberwolves,113,Denver Nuggets,117,,
128,7:00 PM,Box Score,Milwaukee Bucks,77,Indiana Pacers,104,,
129,10:30 PM,Box Score,Memphis Grizzlies,89,Los Angeles Lakers,86,,
130,7:30 PM,Box Score,Dallas Mavericks,104,Miami Heat,110,,
131,9:00 PM,Box Score,Brooklyn Nets,100,Phoenix Suns,98,OT,
132,10:30 PM,Box Score,Detroit Pistons,97,Sacramento Kings,90,,
133,7:00 PM,Box Score,Chicago Bulls,96,Toronto Raptors,80,,
134,9:00 PM,Box Score,San Antonio Spurs,91,Utah Jazz,82,,
135,7:00 PM,Box Score,Miami Heat,97,Charlotte Bobcats,81,,
136,8:00 PM,Box Score,Indiana Pacers,94,Chicago Bulls,110,,
137,10:30 PM,Box Score,Utah Jazz,88,Golden State Warriors,102,,
138,8:00 PM,Box Score,Denver Nuggets,111,Houston Rockets,122,,
139,10:30 PM,Box Score,Brooklyn Nets,103,Los Angeles Clippers,110,,
140,8:30 PM,Box Score,Oklahoma City Thunder,92,Milwaukee Bucks,79,,
141,8:00 PM,Box Score,Boston Celtics,88,Minnesota Timberwolves,106,,
142,8:00 PM,Box Score,Philadelphia 76ers,98,New Orleans Pelicans,135,,
143,7:30 PM,Box Score,Atlanta Hawks,110,New York Knicks,90,,
144,7:00 PM,Box Score,Dallas Mavericks,108,Orlando Magic,100,,
145,7:00 PM,Box Score,Cleveland Cavaliers,103,Washington Wizards,96,OT,
146,9:30 PM,Box Score,Detroit Pistons,99,Los Angeles Lakers,114,,
147,6:00 PM,Box Score,Memphis Grizzlies,97,Sacramento Kings,86,,
148,1:00 PM,Box Score,Portland Trail Blazers,118,Toronto Raptors,110,OT,
149,7:30 PM,Box Score,Portland Trail Blazers,108,Brooklyn Nets,98,,
150,8:00 PM,Box Score,Charlotte Bobcats,81,Chicago Bulls,86,,
151,8:30 PM,Box Score,Philadelphia 76ers,94,Dallas Mavericks,97,,
152,10:30 PM,Box Score,Memphis Grizzlies,106,Los Angeles Clippers,102,,
153,8:00 PM,Box Score,Denver Nuggets,113,Oklahoma City Thunder,115,,
154,9:00 PM,Box Score,Golden State Warriors,98,Utah Jazz,87,,
155,7:30 PM,Box Score,New York Knicks,86,Detroit Pistons,92,,
156,8:00 PM,Box Score,Boston Celtics,85,Houston Rockets,109,,
157,7:30 PM,Box Score,Atlanta Hawks,88,Miami Heat,104,,
158,10:00 PM,Box Score,Phoenix Suns,104,Sacramento Kings,107,,
159,7:00 PM,Box Score,Minnesota Timberwolves,100,Washington Wizards,104,,
160,7:30 PM,Box Score,Detroit Pistons,85,Atlanta Hawks,93,,
161,7:00 PM,Box Score,Brooklyn Nets,91,Charlotte Bobcats,95,,
162,7:00 PM,Box Score,Washington Wizards,98,Cleveland Cavaliers,91,,
163,9:30 PM,Box Score,Houston Rockets,120,Dallas Mavericks,123,,
164,10:30 PM,Box Score,Memphis Grizzlies,88,Golden State Warriors,81,OT,
165,8:00 PM,Box Score,Portland Trail Blazers,91,Milwaukee Bucks,82,,
166,8:00 PM,Box Score,Los Angeles Clippers,102,Minnesota Timberwolves,98,,
167,8:00 PM,Box Score,Utah Jazz,98,New Orleans Pelicans,105,,
168,7:00 PM,Box Score,Indiana Pacers,103,New York Knicks,96,OT,
169,7:00 PM,Box Score,Miami Heat,120,Orlando Magic,92,,
170,7:00 PM,Box Score,Toronto Raptors,108,Philadelphia 76ers,98,,
171,9:00 PM,Box Score,Sacramento Kings,113,Phoenix Suns,106,,
172,8:30 PM,Box Score,Boston Celtics,93,San Antonio Spurs,104,,
173,10:30 PM,Box Score,Chicago Bulls,87,Denver Nuggets,97,,
174,8:00 PM,Box Score,Los Angeles Clippers,91,Oklahoma City Thunder,105,,
175,7:30 PM,Box Score,Indiana Pacers,97,Boston Celtics,82,,
176,7:00 PM,Box Score,Phoenix Suns,98,Charlotte Bobcats,91,,
177,8:30 PM,Box Score,Utah Jazz,93,Dallas Mavericks,103,,
178,7:30 PM,Box Score,Atlanta Hawks,96,Detroit Pistons,89,,
179,10:30 PM,Box Score,Golden State Warriors,95,Los Angeles Lakers,102,,
180,8:00 PM,Box Score,San Antonio Spurs,102,Memphis Grizzlies,86,,
181,8:00 PM,Box Score,Brooklyn Nets,81,Minnesota Timberwolves,111,,
182,8:00 PM,Box Score,Cleveland Cavaliers,100,New Orleans Pelicans,104,,
183,7:00 PM,Box Score,Milwaukee Bucks,107,Philadelphia 76ers,115,OT,
184,10:00 PM,Box Score,Chicago Bulls,95,Portland Trail Blazers,98,,
185,7:00 PM,Box Score,Washington Wizards,88,Toronto Raptors,96,,
186,7:30 PM,Box Score,Boston Celtics,94,Atlanta Hawks,87,,
187,9:00 PM,Box Score,Dallas Mavericks,100,Denver Nuggets,102,,
188,10:30 PM,Box Score,Portland Trail Blazers,113,Golden State Warriors,101,,
189,8:00 PM,Box Score,Minnesota Timberwolves,101,Houston Rockets,112,,
190,7:00 PM,Box Score,Philadelphia 76ers,98,Indiana Pacers,106,,
191,3:30 PM,Box Score,Sacramento Kings,102,Los Angeles Clippers,103,,
192,7:30 PM,Box Score,Orlando Magic,99,Miami Heat,101,,
193,8:30 PM,Box Score,Charlotte Bobcats,96,Milwaukee Bucks,72,,
194,8:30 PM,Box Score,Cleveland Cavaliers,96,San Antonio Spurs,126,,
195,7:00 PM,Box Score,New York Knicks,89,Washington Wizards,98,,
196,2:00 PM,Box Score,Detroit Pistons,109,Brooklyn Nets,97,,
197,3:30 PM,Box Score,Chicago Bulls,82,Los Angeles Clippers,121,,
198,9:30 PM,Box Score,Sacramento Kings,86,Los Angeles Lakers,100,,
199,7:00 PM,Box Score,Utah Jazz,73,Oklahoma City Thunder,95,,
200,6:00 PM,Box Score,Phoenix Suns,104,Orlando Magic,96,,
201,7:00 PM,Box Score,Boston Celtics,96,Charlotte Bobcats,86,,
202,8:30 PM,Box Score,Denver Nuggets,110,Dallas Mavericks,96,,
203,7:30 PM,Box Score,Milwaukee Bucks,94,Detroit Pistons,113,,
204,7:00 PM,Box Score,Minnesota Timberwolves,84,Indiana Pacers,98,,
205,8:00 PM,Box Score,Houston Rockets,93,Memphis Grizzlies,86,,
206,7:30 PM,Box Score,Phoenix Suns,92,Miami Heat,107,,
207,10:00 PM,Box Score,New York Knicks,91,Portland Trail Blazers,102,,
208,8:30 PM,Box Score,New Orleans Pelicans,93,San Antonio Spurs,112,,
209,9:00 PM,Box Score,Chicago Bulls,83,Utah Jazz,89,OT,
210,7:30 PM,Box Score,Orlando Magic,109,Atlanta Hawks,92,,
211,8:00 PM,Box Score,Golden State Warriors,102,New Orleans Pelicans,101,,
212,7:00 PM,Box Score,Brooklyn Nets,102,Toronto Raptors,100,,
213,7:00 PM,Box Score,Los Angeles Lakers,111,Washington Wizards,116,,
214,7:30 PM,Box Score,Memphis Grizzlies,100,Boston Celtics,93,,
215,7:30 PM,Box Score,Los Angeles Lakers,99,Brooklyn Nets,94,,
216,7:00 PM,Box Score,Indiana Pacers,99,Charlotte Bobcats,74,,
217,7:30 PM,Box Score,Miami Heat,95,Cleveland Cavaliers,84,,
218,8:30 PM,Box Score,Golden State Warriors,99,Dallas Mavericks,103,,
219,7:30 PM,Box Score,Chicago Bulls,99,Detroit Pistons,79,,
220,8:00 PM,Box Score,Atlanta Hawks,84,Houston Rockets,113,,
221,10:30 PM,Box Score,New York Knicks,80,Los Angeles Clippers,93,,
222,8:00 PM,Box Score,Washington Wizards,100,Milwaukee Bucks,92,OT,
223,8:00 PM,Box Score,Denver Nuggets,117,Minnesota Timberwolves,110,,
224,8:00 PM,Box Score,San Antonio Spurs,88,Oklahoma City Thunder,94,,
225,7:00 PM,Box Score,Philadelphia 76ers,94,Orlando Magic,105,,
226,9:00 PM,Box Score,Portland Trail Blazers,106,Phoenix Suns,120,,
227,7:30 PM,Box Score,Dallas Mavericks,87,Atlanta Hawks,88,,
228,7:30 PM,Box Score,Cleveland Cavaliers,86,Boston Celtics,103,,
229,7:00 PM,Box Score,Milwaukee Bucks,76,Charlotte Bobcats,92,,
230,9:00 PM,Box Score,New York Knicks,95,Denver Nuggets,97,,
231,7:30 PM,Box Score,Los Angeles Lakers,106,Detroit Pistons,102,,
232,8:00 PM,Box Score,Brooklyn Nets,95,Houston Rockets,114,,
233,8:00 PM,Box Score,Washington Wizards,73,Indiana Pacers,93,,
234,8:00 PM,Box Score,Golden State Warriors,112,Oklahoma City Thunder,113,OT,
235,7:00 PM,Box Score,San Antonio Spurs,109,Orlando Magic,91,,
236,8:00 PM,Box Score,New Orleans Pelicans,121,Philadelphia 76ers,105,,
237,10:00 PM,Box Score,Los Angeles Clippers,104,Sacramento Kings,98,OT,
238,7:00 PM,Box Score,Miami Heat,90,Toronto Raptors,83,,
239,9:00 PM,Box Score,Phoenix Suns,112,Utah Jazz,101,,
240,7:30 PM,Box Score,Chicago Bulls,93,Cleveland Cavaliers,97,,
241,8:30 PM,Box Score,Minnesota Timberwolves,112,Dallas Mavericks,106,,
242,8:00 PM,Box Score,Brooklyn Nets,97,Memphis Grizzlies,88,,
243,9:00 PM,Box Score,Boston Celtics,85,Milwaukee Bucks,92,,
244,9:00 PM,Box Score,Utah Jazz,112,Phoenix Suns,104,,
245,8:30 PM,Box Score,Houston Rockets,112,San Antonio Spurs,106,,
246,7:00 PM,Box Score,Atlanta Hawks,101,Washington Wizards,108,,
247,3:30 PM,Box Score,Philadelphia 76ers,100,Detroit Pistons,115,,
248,3:30 PM,Box Score,Indiana Pacers,105,Los Angeles Clippers,100,,
249,9:30 PM,Box Score,Portland Trail Blazers,114,Los Angeles Lakers,108,,
250,6:00 PM,Box Score,Charlotte Bobcats,98,Miami Heat,99,,
251,7:30 PM,Box Score,New Orleans Pelicans,103,New York Knicks,99,,
252,7:00 PM,Box Score,Minnesota Timberwolves,103,Oklahoma City Thunder,113,,
253,6:00 PM,Box Score,Golden State Warriors,115,Sacramento Kings,113,,
254,1:00 PM,Box Score,Denver Nuggets,112,Toronto Raptors,98,,
255,8:00 PM,Box Score,New Orleans Pelicans,131,Chicago Bulls,128,3OT,
256,10:00 PM,Box Score,Indiana Pacers,102,Portland Trail Blazers,106,,
257,8:30 PM,Box Score,Atlanta Hawks,100,San Antonio Spurs,102,,
258,9:00 PM,Box Score,Houston Rockets,103,Utah Jazz,109,,
259,7:00 PM,Box Score,Orlando Magic,80,Washington Wizards,98,,
260,7:30 PM,Box Score,Milwaukee Bucks,100,Boston Celtics,108,,
261,7:30 PM,Box Score,Denver Nuggets,111,Brooklyn Nets,87,,
262,8:30 PM,Box Score,Charlotte Bobcats,82,Dallas Mavericks,89,,
263,10:30 PM,Box Score,Toronto Raptors,103,Golden State Warriors,112,,
264,8:00 PM,Box Score,Phoenix Suns,91,Memphis Grizzlies,110,,
265,7:30 PM,Box Score,Detroit Pistons,107,Miami Heat,97,,
266,7:00 PM,Box Score,Orlando Magic,125,Philadelphia 76ers,126,2OT,
267,10:00 PM,Box Score,Oklahoma City Thunder,97,Sacramento Kings,95,,
268,7:30 PM,Box Score,Los Angeles Clippers,97,Atlanta Hawks,107,,
269,7:00 PM,Box Score,Denver Nuggets,88,Cleveland Cavaliers,98,,
270,8:00 PM,Box Score,Phoenix Suns,97,Houston Rockets,88,,
271,8:00 PM,Box Score,Detroit Pistons,105,Milwaukee Bucks,98,,
272,8:00 PM,Box Score,Dallas Mavericks,100,New Orleans Pelicans,97,,
273,10:00 PM,Box Score,Oklahoma City Thunder,104,Portland Trail Blazers,111,,
274,9:00 PM,Box Score,Indiana Pacers,95,Utah Jazz,86,,
275,7:00 PM,Box Score,New York Knicks,113,Brooklyn Nets,83,,
276,9:30 PM,Box Score,Miami Heat,87,Chicago Bulls,107,,
277,8:00 PM,Box Score,Los Angeles Clippers,101,Memphis Grizzlies,81,,
278,7:30 PM,Box Score,Cleveland Cavaliers,89,Atlanta Hawks,108,,
279,7:30 PM,Box Score,Denver Nuggets,98,Boston Celtics,106,,
280,7:00 PM,Box Score,Philadelphia 76ers,88,Charlotte Bobcats,105,,
281,8:00 PM,Box Score,Golden State Warriors,83,Houston Rockets,105,,
282,8:00 PM,Box Score,Oklahoma City Thunder,109,New Orleans Pelicans,95,,
283,7:30 PM,Box Score,Orlando Magic,83,New York Knicks,121,,
284,9:00 PM,Box Score,Toronto Raptors,97,Phoenix Suns,106,,
285,10:00 PM,Box Score,Utah Jazz,98,Portland Trail Blazers,130,,
286,10:00 PM,Box Score,Los Angeles Lakers,106,Sacramento Kings,100,,
287,7:00 PM,Box Score,Milwaukee Bucks,109,Washington Wizards,105,OT,
288,8:00 PM,Box Score,Detroit Pistons,92,Chicago Bulls,75,,
289,7:30 PM,Box Score,Los Angeles Clippers,82,Cleveland Cavaliers,88,,
290,8:00 PM,Box Score,Golden State Warriors,108,Memphis Grizzlies,82,,
291,8:30 PM,Box Score,Brooklyn Nets,90,Milwaukee Bucks,82,,
292,8:00 PM,Box Score,Miami Heat,103,Minnesota Timberwolves,82,,
293,7:00 PM,Box Score,Denver Nuggets,103,Philadelphia 76ers,92,,
294,10:00 PM,Box Score,Dallas Mavericks,108,Portland Trail Blazers,106,,
295,8:30 PM,Box Score,Indiana Pacers,111,San Antonio Spurs,100,,
296,9:00 PM,Box Score,Sacramento Kings,112,Utah Jazz,102,OT,
297,6:00 PM,Box Score,Miami Heat,110,Detroit Pistons,95,,
298,7:00 PM,Box Score,Orlando Magic,88,Houston Rockets,98,,
299,9:30 PM,Box Score,Toronto Raptors,106,Los Angeles Lakers,94,,
300,12:00 AM,Box Score,Boston Celtics,114,New York Knicks,73,,
301,7:00 PM,Box Score,Indiana Pacers,94,Oklahoma City Thunder,118,,
302,7:00 PM,Box Score,Golden State Warriors,111,Charlotte Bobcats,115,,
303,8:00 PM,Box Score,Orlando Magic,85,Memphis Grizzlies,94,,
304,7:00 PM,Box Score,Los Angeles Clippers,94,Philadelphia 76ers,83,,
305,10:00 PM,Box Score,Dallas Mavericks,97,Sacramento Kings,112,,
306,9:00 PM,Box Score,Portland Trail Blazers,105,Utah Jazz,94,,
307,7:00 PM,Box Score,Denver Nuggets,75,Washington Wizards,74,,
308,7:30 PM,Box Score,Oklahoma City Thunder,101,Atlanta Hawks,92,,
309,7:30 PM,Box Score,Boston Celtics,96,Brooklyn Nets,104,,
310,8:00 PM,Box Score,Milwaukee Bucks,78,Chicago Bulls,74,,
311,7:00 PM,Box Score,New York Knicks,94,Cleveland Cavaliers,109,,
312,7:30 PM,Box Score,Minnesota Timberwolves,121,Detroit Pistons,94,,
313,7:00 PM,Box Score,Miami Heat,84,Indiana Pacers,90,,
314,10:30 PM,Box Score,Phoenix Suns,114,Los Angeles Lakers,108,,
315,7:00 PM,Box Score,San Antonio Spurs,116,Toronto Raptors,103,,
316,7:30 PM,Box Score,Los Angeles Clippers,96,Boston Celtics,88,,
317,7:00 PM,Box Score,Orlando Magic,92,Charlotte Bobcats,83,,
318,10:30 PM,Box Score,Dallas Mavericks,93,Golden State Warriors,95,,
319,8:00 PM,Box Score,Oklahoma City Thunder,116,Memphis Grizzlies,100,,
320,8:00 PM,Box Score,San Antonio Spurs,109,Milwaukee Bucks,77,,
321,8:00 PM,Box Score,Philadelphia 76ers,99,Minnesota Timberwolves,106,,
322,8:00 PM,Box Score,Detroit Pistons,106,New Orleans Pelicans,111,OT,
323,8:00 PM,Box Score,Chicago Bulls,78,New York Knicks,83,,
324,10:00 PM,Box Score,Utah Jazz,122,Sacramento Kings,101,,
325,8:00 PM,Box Score,Los Angeles Clippers,93,Brooklyn Nets,102,,
326,10:30 PM,Box Score,Houston Rockets,104,Portland Trail Blazers,111,,
327,7:30 PM,Box Score,Washington Wizards,99,Atlanta Hawks,101,OT,
328,7:30 PM,Box Score,New York Knicks,86,Boston Celtics,90,,
329,9:00 PM,Box Score,Utah Jazz,103,Denver Nuggets,93,,
330,7:30 PM,Box Score,Brooklyn Nets,99,Detroit Pistons,103,,
331,10:30 PM,Box Score,Houston Rockets,116,Golden State Warriors,112,,
332,7:00 PM,Box Score,Charlotte Bobcats,94,Indiana Pacers,99,,
333,8:30 PM,Box Score,Chicago Bulls,91,Milwaukee Bucks,90,,
334,8:00 PM,Box Score,Memphis Grizzlies,98,New Orleans Pelicans,104,,
335,8:00 PM,Box Score,Los Angeles Lakers,97,Oklahoma City Thunder,122,,
336,7:00 PM,Box Score,Cleveland Cavaliers,109,Orlando Magic,100,,
337,9:00 PM,Box Score,Sacramento Kings,107,Phoenix Suns,116,,
338,8:30 PM,Box Score,Minnesota Timberwolves,110,San Antonio Spurs,117,,
339,7:00 PM,Box Score,Philadelphia 76ers,100,Toronto Raptors,108,,
340,7:00 PM,Box Score,Los Angeles Lakers,88,Charlotte Bobcats,85,,
341,8:00 PM,Box Score,Toronto Raptors,99,Chicago Bulls,77,,
342,8:30 PM,Box Score,Milwaukee Bucks,93,Dallas Mavericks,106,,
343,7:30 PM,Box Score,Cleveland Cavaliers,107,Miami Heat,114,,
344,7:30 PM,Box Score,Atlanta Hawks,106,New York Knicks,111,,
345,8:00 PM,Box Score,Portland Trail Blazers,139,Philadelphia 76ers,105,,
346,9:00 PM,Box Score,San Antonio Spurs,100,Utah Jazz,84,,
347,7:00 PM,Box Score,Los Angeles Clippers,113,Washington Wizards,97,,
348,8:00 PM,Box Score,New Orleans Pelicans,93,Denver Nuggets,102,,
349,6:00 PM,Box Score,Portland Trail Blazers,111,Detroit Pistons,109,OT,
350,6:00 PM,Box Score,Minnesota Timberwolves,101,Memphis Grizzlies,93,,
351,7:00 PM,Box Score,Orlando Magic,98,Oklahoma City Thunder,101,,
352,8:00 PM,Box Score,Golden State Warriors,102,Phoenix Suns,106,,
353,6:00 PM,Box Score,Houston Rockets,91,Sacramento Kings,106,,
354,7:30 PM,Box Score,Los Angeles Lakers,100,Atlanta Hawks,114,,
355,7:30 PM,Box Score,Minnesota Timberwolves,97,Boston Celtics,101,,
356,7:30 PM,Box Score,Philadelphia 76ers,94,Brooklyn Nets,130,,
357,8:00 PM,Box Score,Orlando Magic,83,Chicago Bulls,82,,
358,7:00 PM,Box Score,Detroit Pistons,101,Indiana Pacers,96,,
359,10:30 PM,Box Score,San Antonio Spurs,92,Los Angeles Clippers,115,,
360,7:30 PM,Box Score,Utah Jazz,94,Miami Heat,117,,
361,7:30 PM,Box Score,Washington Wizards,102,New York Knicks,101,,
362,7:00 PM,Box Score,Sacramento Kings,87,Charlotte Bobcats,95,,
363,7:00 PM,Box Score,Portland Trail Blazers,119,Cleveland Cavaliers,116,,
364,9:00 PM,Box Score,Oklahoma City Thunder,105,Denver Nuggets,93,,
365,10:30 PM,Box Score,New Orleans Pelicans,93,Golden State Warriors,104,,
366,8:00 PM,Box Score,Los Angeles Lakers,96,Memphis Grizzlies,92,,
367,7:30 PM,Box Score,Sacramento Kings,107,Atlanta Hawks,124,,
368,7:30 PM,Box Score,Detroit Pistons,107,Boston Celtics,106,,
369,7:30 PM,Box Score,Washington Wizards,113,Brooklyn Nets,107,,
370,8:30 PM,Box Score,Memphis Grizzlies,91,Dallas Mavericks,105,,
371,9:30 PM,Box Score,Chicago Bulls,94,Houston Rockets,109,,
372,10:30 PM,Box Score,New Orleans Pelicans,95,Los Angeles Clippers,108,,
373,7:00 PM,Box Score,Indiana Pacers,94,Miami Heat,97,,
374,8:00 PM,Box Score,New York Knicks,107,Milwaukee Bucks,101,2OT,
375,8:00 PM,Box Score,Portland Trail Blazers,109,Minnesota Timberwolves,120,,
376,7:00 PM,Box Score,Utah Jazz,86,Orlando Magic,82,,
377,9:00 PM,Box Score,San Antonio Spurs,108,Phoenix Suns,101,,
378,7:00 PM,Box Score,Charlotte Bobcats,104,Toronto Raptors,102,OT,
379,10:30 PM,Box Score,San Antonio Spurs,104,Golden State Warriors,102,,
380,8:00 PM,Box Score,Chicago Bulls,95,Oklahoma City Thunder,107,,
381,7:30 PM,Box Score,Utah Jazz,85,Atlanta Hawks,118,,
382,7:30 PM,Box Score,Milwaukee Bucks,111,Cleveland Cavaliers,114,OT,
383,8:30 PM,Box Score,Toronto Raptors,109,Dallas Mavericks,108,OT,
384,9:00 PM,Box Score,Phoenix Suns,103,Denver Nuggets,99,,
385,7:30 PM,Box Score,Charlotte Bobcats,116,Detroit Pistons,106,,
386,8:00 PM,Box Score,Houston Rockets,81,Indiana Pacers,114,,
387,10:30 PM,Box Score,Minnesota Timberwolves,91,Los Angeles Lakers,104,,
388,7:30 PM,Box Score,Sacramento Kings,103,Miami Heat,122,,
389,7:00 PM,Box Score,Brooklyn Nets,120,Philadelphia 76ers,121,OT,
390,1:00 PM,Box Score,Washington Wizards,106,Boston Celtics,99,,
391,7:30 PM,Box Score,Utah Jazz,88,Charlotte Bobcats,85,,
392,8:00 PM,Box Score,Cleveland Cavaliers,84,Chicago Bulls,100,,
393,7:30 PM,Box Score,Houston Rockets,114,Detroit Pistons,97,,
394,10:30 PM,Box Score,Los Angeles Lakers,83,Golden State Warriors,102,,
395,10:30 PM,Box Score,Denver Nuggets,91,Los Angeles Clippers,112,,
396,8:30 PM,Box Score,Philadelphia 76ers,106,Milwaukee Bucks,116,,
397,12:00 AM,Box Score,Memphis Grizzlies,95,New York Knicks,87,,
398,7:00 PM,Box Score,Sacramento Kings,105,Orlando Magic,100,,
399,9:00 PM,Box Score,Dallas Mavericks,108,Phoenix Suns,123,,
400,10:00 PM,Box Score,New Orleans Pelicans,107,Portland Trail Blazers,110,,
401,8:30 PM,Box Score,Oklahoma City Thunder,113,San Antonio Spurs,100,,
402,6:00 PM,Box Score,Boston Celtics,79,Indiana Pacers,106,,
403,9:30 PM,Box Score,Minnesota Timberwolves,116,Los Angeles Clippers,120,OT,
404,7:00 PM,Box Score,Toronto Raptors,104,Oklahoma City Thunder,98,,
405,7:30 PM,Box Score,Indiana Pacers,103,Brooklyn Nets,86,,
406,7:00 PM,Box Score,Milwaukee Bucks,110,Charlotte Bobcats,111,OT,
407,7:00 PM,Box Score,Detroit Pistons,115,Cleveland Cavaliers,92,,
408,9:00 PM,Box Score,Golden State Warriors,89,Denver Nuggets,81,,
409,8:00 PM,Box Score,Dallas Mavericks,111,Houston Rockets,104,,
410,8:00 PM,Box Score,Utah Jazz,94,Memphis Grizzlies,104,,
411,7:30 PM,Box Score,Atlanta Hawks,119,Miami Heat,121,OT,
412,7:00 PM,Box Score,New York Knicks,103,Orlando Magic,98,,
413,9:00 PM,Box Score,Los Angeles Lakers,90,Phoenix Suns,117,,
414,10:00 PM,Box Score,New Orleans Pelicans,113,Sacramento Kings,100,,
415,8:30 PM,Box Score,Toronto Raptors,99,San Antonio Spurs,112,,
416,12:00 AM,Box Score,Chicago Bulls,95,Brooklyn Nets,78,,
417,10:30 PM,Box Score,Los Angeles Clippers,103,Golden State Warriors,105,,
418,5:00 PM,Box Score,Miami Heat,101,Los Angeles Lakers,95,,
419,2:30 PM,Box Score,Oklahoma City Thunder,123,New York Knicks,94,,
420,8:00 PM,Box Score,Houston Rockets,111,San Antonio Spurs,98,,
421,7:00 PM,Box Score,Atlanta Hawks,127,Cleveland Cavaliers,125,2OT,
422,8:30 PM,Box Score,San Antonio Spurs,116,Dallas Mavericks,107,,
423,8:00 PM,Box Score,Memphis Grizzlies,92,Houston Rockets,100,,
424,10:30 PM,Box Score,Los Angeles Clippers,112,Portland Trail Blazers,116,OT,
425,7:30 PM,Box Score,Milwaukee Bucks,93,Brooklyn Nets,104,,
426,7:00 PM,Box Score,Oklahoma City Thunder,89,Charlotte Bobcats,85,,
427,10:30 PM,Box Score,Phoenix Suns,86,Golden State Warriors,115,,
428,8:00 PM,Box Score,Washington Wizards,98,Minnesota Timberwolves,120,,
429,8:00 PM,Box Score,Denver Nuggets,89,New Orleans Pelicans,105,,
430,7:30 PM,Box Score,Toronto Raptors,95,New York Knicks,83,,
431,7:00 PM,Box Score,Detroit Pistons,92,Orlando Magic,109,,
432,10:00 PM,Box Score,Miami Heat,103,Sacramento Kings,108,OT,
433,9:00 PM,Box Score,Los Angeles Lakers,103,Utah Jazz,105,,
434,7:30 PM,Box Score,Charlotte Bobcats,116,Atlanta Hawks,118,OT,
435,1:00 PM,Box Score,Cleveland Cavaliers,100,Boston Celtics,103,,
436,8:00 PM,Box Score,Dallas Mavericks,105,Chicago Bulls,83,,
437,8:00 PM,Box Score,New Orleans Pelicans,98,Houston Rockets,107,,
438,7:00 PM,Box Score,Brooklyn Nets,91,Indiana Pacers,105,,
439,10:30 PM,Box Score,Utah Jazz,90,Los Angeles Clippers,98,,
440,8:00 PM,Box Score,Denver Nuggets,99,Memphis Grizzlies,120,,
441,8:30 PM,Box Score,Minnesota Timberwolves,117,Milwaukee Bucks,95,,
442,9:00 PM,Box Score,Philadelphia 76ers,101,Phoenix Suns,115,,
443,10:00 PM,Box Score,Miami Heat,108,Portland Trail Blazers,107,,
444,7:00 PM,Box Score,New York Knicks,100,Toronto Raptors,115,,
445,7:00 PM,Box Score,Detroit Pistons,82,Washington Wizards,106,,
446,6:00 PM,Box Score,Golden State Warriors,108,Cleveland Cavaliers,104,OT,
447,9:30 PM,Box Score,Philadelphia 76ers,111,Los Angeles Lakers,104,,
448,7:00 PM,Box Score,Houston Rockets,86,Oklahoma City Thunder,117,,
449,6:00 PM,Box Score,Atlanta Hawks,102,Orlando Magic,109,,
450,7:00 PM,Box Score,Sacramento Kings,104,San Antonio Spurs,112,,
451,9:00 PM,Box Score,Miami Heat,97,Denver Nuggets,94,,
452,7:30 PM,Box Score,Washington Wizards,106,Detroit Pistons,99,,
453,10:30 PM,Box Score,Phoenix Suns,107,Los Angeles Clippers,88,,
454,8:00 PM,Box Score,Chicago Bulls,95,Memphis Grizzlies,91,,
455,8:00 PM,Box Score,Dallas Mavericks,100,Minnesota Timberwolves,98,,
456,8:00 PM,Box Score,Portland Trail Blazers,108,New Orleans Pelicans,110,,
457,9:00 PM,Box Score,Charlotte Bobcats,80,Utah Jazz,83,,
458,1:00 PM,Box Score,Atlanta Hawks,92,Boston Celtics,91,,
459,8:00 PM,Box Score,Toronto Raptors,85,Chicago Bulls,79,,
460,7:00 PM,Box Score,Sacramento Kings,110,Houston Rockets,106,,
461,3:00 PM,Box Score,Cleveland Cavaliers,76,Indiana Pacers,91,,
462,10:30 PM,Box Score,Milwaukee Bucks,94,Los Angeles Lakers,79,,
463,8:00 PM,Box Score,Portland Trail Blazers,98,Oklahoma City Thunder,94,,
464,5:00 PM,Box Score,Golden State Warriors,94,Orlando Magic,81,,
465,7:00 PM,Box Score,Brooklyn Nets,92,San Antonio Spurs,113,,
466,9:00 PM,Box Score,Philadelphia 76ers,114,Denver Nuggets,102,,
467,9:30 PM,Box Score,Charlotte Bobcats,85,Los Angeles Clippers,112,,
468,8:00 PM,Box Score,New Orleans Pelicans,112,Minnesota Timberwolves,124,,
469,7:00 PM,Box Score,Indiana Pacers,82,Toronto Raptors,95,,
470,6:00 PM,Box Score,Dallas Mavericks,87,Washington Wizards,78,,
471,8:00 PM,Box Score,Boston Celtics,82,Chicago Bulls,94,,
472,7:00 PM,Box Score,Orlando Magic,81,Cleveland Cavaliers,87,OT,
473,7:30 PM,Box Score,Golden State Warriors,123,Miami Heat,114,,
474,8:00 PM,Box Score,Brooklyn Nets,95,Oklahoma City Thunder,93,,
475,9:00 PM,Box Score,Memphis Grizzlies,99,Phoenix Suns,91,,
476,10:00 PM,Box Score,Charlotte Bobcats,104,Portland Trail Blazers,134,,
477,10:00 PM,Box Score,Philadelphia 76ers,113,Sacramento Kings,104,,
478,8:30 PM,Box Score,New York Knicks,105,San Antonio Spurs,101,,
479,9:00 PM,Box Score,Milwaukee Bucks,87,Utah Jazz,96,,
480,7:30 PM,Box Score,Golden State Warriors,101,Atlanta Hawks,100,,
481,7:30 PM,Box Score,New Orleans Pelicans,95,Boston Celtics,92,,
482,8:30 PM,Box Score,Los Angeles Clippers,119,Dallas Mavericks,112,,
483,9:00 PM,Box Score,Memphis Grizzlies,108,Denver Nuggets,111,,
484,8:00 PM,Box Score,New York Knicks,100,Houston Rockets,102,,
485,10:30 PM,Box Score,Utah Jazz,99,Los Angeles Lakers,110,,
486,7:00 PM,Box Score,Toronto Raptors,101,Washington Wizards,88,,
487,7:30 PM,Box Score,Cleveland Cavaliers,82,Brooklyn Nets,89,,
488,8:00 PM,Box Score,Atlanta Hawks,84,Chicago Bulls,91,,
489,7:00 PM,Box Score,New Orleans Pelicans,82,Indiana Pacers,99,,
490,8:00 PM,Box Score,Oklahoma City Thunder,115,Minnesota Timberwolves,111,,
491,7:00 PM,Box Score,Miami Heat,110,Orlando Magic,94,,
492,9:00 PM,Box Score,Milwaukee Bucks,100,Phoenix Suns,116,,
493,10:00 PM,Box Score,Philadelphia 76ers,101,Portland Trail Blazers,99,,
494,10:00 PM,Box Score,Charlotte Bobcats,113,Sacramento Kings,103,,
495,8:30 PM,Box Score,Los Angeles Clippers,92,San Antonio Spurs,116,,
496,6:00 PM,Box Score,Indiana Pacers,82,Cleveland Cavaliers,78,,
497,7:30 PM,Box Score,New York Knicks,92,Dallas Mavericks,80,,
498,1:00 PM,Box Score,Memphis Grizzlies,112,Detroit Pistons,84,,
499,9:30 PM,Box Score,Denver Nuggets,137,Los Angeles Lakers,115,,
500,6:00 PM,Box Score,Toronto Raptors,97,Miami Heat,102,,
501,7:00 PM,Box Score,Boston Celtics,96,Oklahoma City Thunder,119,,
502,6:00 PM,Box Score,Golden State Warriors,112,Washington Wizards,96,,
503,7:30 PM,Box Score,Atlanta Hawks,86,Brooklyn Nets,91,,
504,10:30 PM,Box Score,Orlando Magic,81,Los Angeles Clippers,101,,
505,7:00 PM,Box Score,Minnesota Timberwolves,126,Philadelphia 76ers,95,,
506,7:00 PM,Box Score,Washington Wizards,97,Charlotte Bobcats,83,,
507,8:00 PM,Box Score,Phoenix Suns,87,Chicago Bulls,92,,
508,7:00 PM,Box Score,Philadelphia 76ers,93,Cleveland Cavaliers,111,,
509,8:30 PM,Box Score,Los Angeles Lakers,97,Dallas Mavericks,110,,
510,9:00 PM,Box Score,Boston Celtics,98,Denver Nuggets,129,,
511,7:00 PM,Box Score,Toronto Raptors,79,Indiana Pacers,86,,
512,8:00 PM,Box Score,San Antonio Spurs,110,Memphis Grizzlies,108,OT,
513,7:30 PM,Box Score,New Orleans Pelicans,88,Miami Heat,107,,
514,8:00 PM,Box Score,Golden State Warriors,101,Milwaukee Bucks,80,,
515,7:30 PM,Box Score,Detroit Pistons,85,New York Knicks,89,,
516,10:00 PM,Box Score,Portland Trail Blazers,119,Sacramento Kings,123,,
517,9:00 PM,Box Score,Oklahoma City Thunder,101,Utah Jazz,112,,
518,7:30 PM,Box Score,Indiana Pacers,87,Atlanta Hawks,97,,
519,7:30 PM,Box Score,Golden State Warriors,98,Brooklyn Nets,102,,
520,8:00 PM,Box Score,Los Angeles Lakers,99,Houston Rockets,113,,
521,10:30 PM,Box Score,Boston Celtics,105,Los Angeles Clippers,111,,
522,9:30 PM,Box Score,Phoenix Suns,104,Minnesota Timberwolves,103,,
523,8:00 PM,Box Score,Washington Wizards,102,New Orleans Pelicans,96,,
524,10:00 PM,Box Score,Orlando Magic,94,Portland Trail Blazers,110,,
525,7:00 PM,Box Score,Dallas Mavericks,90,San Antonio Spurs,112,,
526,7:00 PM,Box Score,Detroit Pistons,91,Toronto Raptors,112,,
527,10:30 PM,Box Score,Oklahoma City Thunder,88,Denver Nuggets,101,,
528,8:00 PM,Box Score,Miami Heat,92,New York Knicks,102,,
529,7:30 PM,Box Score,Houston Rockets,80,Atlanta Hawks,83,,
530,8:00 PM,Box Score,Miami Heat,95,Brooklyn Nets,104,2OT,
531,10:30 PM,Box Score,Boston Celtics,97,Golden State Warriors,99,,
532,7:00 PM,Box Score,Washington Wizards,66,Indiana Pacers,93,,
533,10:30 PM,Box Score,Los Angeles Lakers,87,Los Angeles Clippers,123,,
534,8:00 PM,Box Score,Phoenix Suns,99,Memphis Grizzlies,104,,
535,8:30 PM,Box Score,Chicago Bulls,81,Milwaukee Bucks,72,,
536,8:00 PM,Box Score,Charlotte Bobcats,92,Minnesota Timberwolves,119,,
537,8:00 PM,Box Score,Dallas Mavericks,107,New Orleans Pelicans,90,,
538,7:00 PM,Box Score,Detroit Pistons,114,Philadelphia 76ers,104,,
539,10:00 PM,Box Score,Orlando Magic,83,Sacramento Kings,103,,
540,9:00 PM,Box Score,Cleveland Cavaliers,113,Utah Jazz,102,,
541,8:00 PM,Box Score,Charlotte Bobcats,97,Chicago Bulls,103,,
542,8:30 PM,Box Score,New Orleans Pelicans,107,Dallas Mavericks,110,,
543,9:00 PM,Box Score,Orlando Magic,94,Denver Nuggets,120,,
544,7:30 PM,Box Score,Phoenix Suns,108,Detroit Pistons,110,,
545,8:00 PM,Box Score,Milwaukee Bucks,85,Oklahoma City Thunder,101,,
546,7:30 PM,Box Score,New York Knicks,102,Philadelphia 76ers,92,,
547,10:00 PM,Box Score,Boston Celtics,104,Portland Trail Blazers,112,,
548,7:00 PM,Box Score,Brooklyn Nets,80,Toronto Raptors,96,,
549,7:00 PM,Box Score,Houston Rockets,114,Washington Wizards,107,,
550,6:00 PM,Box Score,Atlanta Hawks,101,Memphis Grizzlies,108,,
551,6:00 PM,Box Score,Cleveland Cavaliers,80,Sacramento Kings,124,,
552,7:00 PM,Box Score,Minnesota Timberwolves,86,San Antonio Spurs,104,,
553,7:30 PM,Box Score,Houston Rockets,104,Boston Celtics,92,,
554,8:00 PM,Box Score,Washington Wizards,102,Chicago Bulls,88,,
555,8:30 PM,Box Score,Orlando Magic,88,Dallas Mavericks,107,,
556,8:00 PM,Box Score,San Antonio Spurs,101,New Orleans Pelicans,95,,
557,7:30 PM,Box Score,Phoenix Suns,96,New York Knicks,98,OT,
558,7:00 PM,Box Score,Milwaukee Bucks,94,Toronto Raptors,116,,
559,9:00 PM,Box Score,Denver Nuggets,103,Utah Jazz,118,,
560,7:00 PM,Box Score,New York Knicks,98,Charlotte Bobcats,108,,
561,7:00 PM,Box Score,Sacramento Kings,92,Indiana Pacers,116,,
562,10:30 PM,Box Score,Cleveland Cavaliers,120,Los Angeles Lakers,118,,
563,8:00 PM,Box Score,Oklahoma City Thunder,87,Memphis Grizzlies,90,,
564,7:30 PM,Box Score,Toronto Raptors,83,Boston Celtics,88,,
565,10:30 PM,Box Score,Denver Nuggets,123,Golden State Warriors,116,,
566,10:30 PM,Box Score,Dallas Mavericks,127,Los Angeles Clippers,129,,
567,8:00 PM,Box Score,Memphis Grizzlies,82,Milwaukee Bucks,77,,
568,8:00 PM,Box Score,Sacramento Kings,111,Minnesota Timberwolves,108,,
569,8:00 PM,Box Score,Houston Rockets,103,New Orleans Pelicans,100,,
570,7:00 PM,Box Score,Chicago Bulls,128,Orlando Magic,125,3OT,
571,7:00 PM,Box Score,Charlotte Bobcats,92,Philadelphia 76ers,95,,
572,9:00 PM,Box Score,Los Angeles Lakers,114,Phoenix Suns,121,,
573,10:00 PM,Box Score,Cleveland Cavaliers,96,Portland Trail Blazers,108,,
574,8:00 PM,Box Score,Utah Jazz,105,San Antonio Spurs,109,,
575,7:00 PM,Box Score,Miami Heat,97,Washington Wizards,114,,
576,3:00 PM,Box Score,Brooklyn Nets,127,Atlanta Hawks,110,,"at London, England"
577,9:30 PM,Box Score,Oklahoma City Thunder,104,Houston Rockets,92,,
578,7:00 PM,Box Score,New York Knicks,89,Indiana Pacers,117,,
579,7:30 PM,Box Score,Los Angeles Lakers,107,Boston Celtics,104,,
580,9:00 PM,Box Score,Cleveland Cavaliers,117,Denver Nuggets,109,,
581,7:30 PM,Box Score,Utah Jazz,110,Detroit Pistons,89,,
582,8:00 PM,Box Score,Sacramento Kings,90,Memphis Grizzlies,91,,
583,7:00 PM,Box Score,Los Angeles Clippers,109,New York Knicks,95,,
584,9:30 PM,Box Score,Golden State Warriors,121,Oklahoma City Thunder,127,,
585,7:00 PM,Box Score,Charlotte Bobcats,111,Orlando Magic,101,,
586,7:00 PM,Box Score,Miami Heat,101,Philadelphia 76ers,86,,
587,9:00 PM,Box Score,Dallas Mavericks,110,Phoenix Suns,107,,
588,8:30 PM,Box Score,Portland Trail Blazers,109,San Antonio Spurs,100,,
589,7:00 PM,Box Score,Minnesota Timberwolves,89,Toronto Raptors,94,,
590,7:00 PM,Box Score,Chicago Bulls,93,Washington Wizards,96,,
591,7:30 PM,Box Score,Miami Heat,104,Charlotte Bobcats,96,OT,
592,8:00 PM,Box Score,Philadelphia 76ers,78,Chicago Bulls,103,,
593,8:30 PM,Box Score,Portland Trail Blazers,127,Dallas Mavericks,111,,
594,8:00 PM,Box Score,Milwaukee Bucks,104,Houston Rockets,114,,
595,7:00 PM,Box Score,Los Angeles Clippers,92,Indiana Pacers,106,,
596,8:00 PM,Box Score,Utah Jazz,72,Minnesota Timberwolves,98,,
597,8:00 PM,Box Score,Golden State Warriors,97,New Orleans Pelicans,87,,
598,7:00 PM,Box Score,Detroit Pistons,104,Washington Wizards,98,,
599,7:00 PM,Box Score,Sacramento Kings,93,Oklahoma City Thunder,108,,
600,6:00 PM,Box Score,Boston Celtics,91,Orlando Magic,93,,
601,8:00 PM,Box Score,Denver Nuggets,103,Phoenix Suns,117,,
602,7:00 PM,Box Score,Milwaukee Bucks,82,San Antonio Spurs,110,,
603,1:00 PM,Box Score,Los Angeles Lakers,112,Toronto Raptors,106,,
604,5:30 PM,Box Score,Miami Heat,114,Atlanta Hawks,121,,
605,2:00 PM,Box Score,Toronto Raptors,95,Charlotte Bobcats,100,,
606,8:00 PM,Box Score,Los Angeles Lakers,100,Chicago Bulls,102,OT,
607,1:00 PM,Box Score,Dallas Mavericks,102,Cleveland Cavaliers,97,,
608,1:00 PM,Box Score,Los Angeles Clippers,112,Detroit Pistons,103,,
609,10:30 PM,Box Score,Indiana Pacers,102,Golden State Warriors,94,,
610,8:00 PM,Box Score,Portland Trail Blazers,113,Houston Rockets,126,,
611,5:00 PM,Box Score,New Orleans Pelicans,95,Memphis Grizzlies,92,,
612,2:30 PM,Box Score,Brooklyn Nets,103,New York Knicks,80,,
613,2:00 PM,Box Score,Philadelphia 76ers,99,Washington Wizards,107,,
614,7:30 PM,Box Score,Orlando Magic,90,Brooklyn Nets,101,,
615,7:30 PM,Box Score,Boston Celtics,86,Miami Heat,93,,
616,8:00 PM,Box Score,Sacramento Kings,114,New Orleans Pelicans,97,,
617,8:00 PM,Box Score,Portland Trail Blazers,97,Oklahoma City Thunder,105,,
618,9:00 PM,Box Score,Minnesota Timberwolves,112,Utah Jazz,97,,
619,7:00 PM,Box Score,Los Angeles Clippers,91,Charlotte Bobcats,95,,
620,7:00 PM,Box Score,Chicago Bulls,98,Cleveland Cavaliers,87,,
621,8:00 PM,Box Score,Sacramento Kings,98,Houston Rockets,119,,
622,8:00 PM,Box Score,Detroit Pistons,101,Milwaukee Bucks,104,,
623,7:30 PM,Box Score,Philadelphia 76ers,110,New York Knicks,106,,
624,7:00 PM,Box Score,Atlanta Hawks,112,Orlando Magic,109,,
625,10:30 PM,Box Score,Indiana Pacers,100,Phoenix Suns,124,,
626,8:00 PM,Box Score,Oklahoma City Thunder,111,San Antonio Spurs,105,,
627,7:00 PM,Box Score,Dallas Mavericks,85,Toronto Raptors,93,,
628,7:00 PM,Box Score,Boston Celtics,113,Washington Wizards,111,OT,
629,8:00 PM,Box Score,Los Angeles Lakers,102,Miami Heat,109,,
630,10:30 PM,Box Score,Denver Nuggets,105,Portland Trail Blazers,110,,
631,7:30 PM,Box Score,San Antonio Spurs,105,Atlanta Hawks,79,,
632,7:30 PM,Box Score,Oklahoma City Thunder,101,Boston Celtics,83,,
633,7:30 PM,Box Score,Dallas Mavericks,106,Brooklyn Nets,107,,
634,8:00 PM,Box Score,Los Angeles Clippers,112,Chicago Bulls,95,,
635,7:30 PM,Box Score,Milwaukee Bucks,78,Cleveland Cavaliers,93,,
636,7:30 PM,Box Score,New Orleans Pelicans,103,Detroit Pistons,101,,
637,10:30 PM,Box Score,Minnesota Timberwolves,121,Golden State Warriors,120,,
638,8:00 PM,Box Score,Memphis Grizzlies,88,Houston Rockets,87,,
639,7:30 PM,Box Score,Charlotte Bobcats,96,New York Knicks,125,,
640,7:00 PM,Box Score,Los Angeles Lakers,105,Orlando Magic,114,,
641,7:00 PM,Box Score,Toronto Raptors,104,Philadelphia 76ers,95,,
642,9:00 PM,Box Score,Washington Wizards,101,Phoenix Suns,95,,
643,10:00 PM,Box Score,Indiana Pacers,116,Sacramento Kings,111,OT,
644,7:00 PM,Box Score,Chicago Bulls,89,Charlotte Bobcats,87,,
645,9:00 PM,Box Score,Indiana Pacers,96,Denver Nuggets,109,,
646,8:00 PM,Box Score,Houston Rockets,81,Memphis Grizzlies,99,,
647,8:30 PM,Box Score,Atlanta Hawks,112,Milwaukee Bucks,87,,
648,7:30 PM,Box Score,Oklahoma City Thunder,103,Philadelphia 76ers,91,,
649,10:00 PM,Box Score,Minnesota Timberwolves,104,Portland Trail Blazers,115,,
650,7:00 PM,Box Score,Los Angeles Clippers,126,Toronto Raptors,118,,
651,9:00 PM,Box Score,Washington Wizards,101,Utah Jazz,104,,
652,6:30 PM,Box Score,Brooklyn Nets,85,Boston Celtics,79,,
653,6:00 PM,Box Score,Phoenix Suns,99,Cleveland Cavaliers,90,,
654,7:30 PM,Box Score,Detroit Pistons,106,Dallas Mavericks,116,,
655,9:00 PM,Box Score,Portland Trail Blazers,88,Golden State Warriors,103,,
656,1:00 PM,Box Score,San Antonio Spurs,101,Miami Heat,113,,
657,6:00 PM,Box Score,Orlando Magic,92,New Orleans Pelicans,100,,
658,3:30 PM,Box Score,Los Angeles Lakers,103,New York Knicks,110,,
659,9:00 PM,Box Score,Denver Nuggets,125,Sacramento Kings,117,,
660,7:30 PM,Box Score,Toronto Raptors,104,Brooklyn Nets,103,,
661,8:00 PM,Box Score,Minnesota Timberwolves,95,Chicago Bulls,86,,
662,8:00 PM,Box Score,Los Angeles Clippers,114,Milwaukee Bucks,86,,
663,8:00 PM,Box Score,Atlanta Hawks,109,Oklahoma City Thunder,111,,
664,7:00 PM,Box Score,Phoenix Suns,124,Philadelphia 76ers,113,,
665,9:00 PM,Box Score,Sacramento Kings,99,Utah Jazz,106,,
666,7:00 PM,Box Score,New Orleans Pelicans,100,Cleveland Cavaliers,89,,
667,7:30 PM,Box Score,Orlando Magic,87,Detroit Pistons,103,,
668,10:30 PM,Box Score,Washington Wizards,88,Golden State Warriors,85,,
669,8:00 PM,Box Score,San Antonio Spurs,90,Houston Rockets,97,,
670,10:30 PM,Box Score,Indiana Pacers,104,Los Angeles Lakers,92,,
671,7:30 PM,Box Score,Boston Celtics,88,New York Knicks,114,,
672,10:00 PM,Box Score,Memphis Grizzlies,98,Portland Trail Blazers,81,,
673,7:30 PM,Box Score,Philadelphia 76ers,95,Boston Celtics,94,,
674,8:30 PM,Box Score,Houston Rockets,117,Dallas Mavericks,115,,
675,9:00 PM,Box Score,Charlotte Bobcats,101,Denver Nuggets,98,,
676,10:30 PM,Box Score,Washington Wizards,103,Los Angeles Clippers,110,,
677,7:00 PM,Box Score,Oklahoma City Thunder,112,Miami Heat,95,,
678,8:00 PM,Box Score,Phoenix Suns,126,Milwaukee Bucks,117,,
679,8:00 PM,Box Score,New Orleans Pelicans,77,Minnesota Timberwolves,88,,
680,10:00 PM,Box Score,Memphis Grizzlies,99,Sacramento Kings,89,,
681,9:30 PM,Box Score,Chicago Bulls,96,San Antonio Spurs,86,,
682,7:00 PM,Box Score,Orlando Magic,83,Toronto Raptors,98,,
683,10:30 PM,Box Score,Los Angeles Clippers,92,Golden State Warriors,111,,
684,7:00 PM,Box Score,Phoenix Suns,102,Indiana Pacers,94,,
685,8:00 PM,Box Score,Cleveland Cavaliers,86,New York Knicks,117,,
686,8:00 PM,Box Score,Oklahoma City Thunder,120,Brooklyn Nets,95,,
687,8:30 PM,Box Score,Sacramento Kings,103,Dallas Mavericks,107,,
688,9:00 PM,Box Score,Toronto Raptors,100,Denver Nuggets,90,,
689,10:30 PM,Box Score,Charlotte Bobcats,110,Los Angeles Lakers,100,,
690,8:00 PM,Box Score,Memphis Grizzlies,94,Minnesota Timberwolves,90,,
691,7:00 PM,Box Score,Milwaukee Bucks,102,Orlando Magic,113,,
692,7:30 PM,Box Score,Atlanta Hawks,125,Philadelphia 76ers,99,,
693,10:30 PM,Box Score,Golden State Warriors,95,Utah Jazz,90,,
694,7:30 PM,Box Score,Minnesota Timberwolves,113,Atlanta Hawks,120,,
695,7:30 PM,Box Score,Philadelphia 76ers,96,Detroit Pistons,113,,
696,8:00 PM,Box Score,Cleveland Cavaliers,92,Houston Rockets,106,,
697,7:00 PM,Box Score,Brooklyn Nets,96,Indiana Pacers,97,,
698,10:30 PM,Box Score,Utah Jazz,87,Los Angeles Clippers,102,,
699,8:00 PM,Box Score,Milwaukee Bucks,90,Memphis Grizzlies,99,,
700,8:00 PM,Box Score,Chicago Bulls,79,New Orleans Pelicans,88,,
701,8:30 PM,Box Score,Miami Heat,106,New York Knicks,91,,
702,9:00 PM,Box Score,Charlotte Bobcats,95,Phoenix Suns,105,,
703,10:00 PM,Box Score,Toronto Raptors,103,Portland Trail Blazers,106,,
704,8:30 PM,Box Score,Sacramento Kings,93,San Antonio Spurs,95,,
705,7:00 PM,Box Score,Oklahoma City Thunder,81,Washington Wizards,96,,
706,1:00 PM,Box Score,Orlando Magic,89,Boston Celtics,96,,
707,7:30 PM,Box Score,Philadelphia 76ers,102,Brooklyn Nets,108,,
708,8:30 PM,Box Score,Cleveland Cavaliers,107,Dallas Mavericks,124,,
709,9:00 PM,Box Score,Los Angeles Clippers,115,Denver Nuggets,116,,
710,7:00 PM,Box Score,Orlando Magic,79,Indiana Pacers,98,,
711,7:30 PM,Box Score,Detroit Pistons,96,Miami Heat,102,,
712,8:00 PM,Box Score,New York Knicks,98,Milwaukee Bucks,101,,
713,8:00 PM,Box Score,San Antonio Spurs,102,New Orleans Pelicans,95,,
714,8:00 PM,Box Score,Memphis Grizzlies,77,Oklahoma City Thunder,86,,
715,10:00 PM,Box Score,Chicago Bulls,70,Sacramento Kings,99,,
716,9:00 PM,Box Score,Toronto Raptors,94,Utah Jazz,79,,
717,7:00 PM,Box Score,Portland Trail Blazers,90,Washington Wizards,100,,
718,7:30 PM,Box Score,Indiana Pacers,89,Atlanta Hawks,85,,
719,10:30 PM,Box Score,Charlotte Bobcats,91,Golden State Warriors,75,,
720,8:00 PM,Box Score,Los Angeles Lakers,99,Minnesota Timberwolves,109,,
721,9:00 PM,Box Score,Chicago Bulls,101,Phoenix Suns,92,,
722,7:00 PM,Box Score,Los Angeles Lakers,119,Cleveland Cavaliers,108,,
723,9:00 PM,Box Score,Milwaukee Bucks,100,Denver Nuggets,110,,
724,8:00 PM,Box Score,Phoenix Suns,108,Houston Rockets,122,,
725,10:30 PM,Box Score,Miami Heat,116,Los Angeles Clippers,112,,
726,8:00 PM,Box Score,Dallas Mavericks,110,Memphis Grizzlies,96,,
727,8:00 PM,Box Score,Atlanta Hawks,100,New Orleans Pelicans,105,,
728,8:00 PM,Box Score,Portland Trail Blazers,94,New York Knicks,90,,
729,8:00 PM,Box Score,Minnesota Timberwolves,97,Oklahoma City Thunder,106,,
730,7:00 PM,Box Score,Detroit Pistons,98,Orlando Magic,112,,
731,7:00 PM,Box Score,Boston Celtics,114,Philadelphia 76ers,108,,
732,10:00 PM,Box Score,Toronto Raptors,101,Sacramento Kings,109,,
733,7:00 PM,Box Score,San Antonio Spurs,125,Washington Wizards,118,2OT,
734,8:00 PM,Box Score,San Antonio Spurs,89,Brooklyn Nets,103,,
735,10:30 PM,Box Score,Chicago Bulls,87,Golden State Warriors,102,,
736,7:30 PM,Box Score,Sacramento Kings,89,Boston Celtics,99,,
737,8:30 PM,Box Score,Utah Jazz,81,Dallas Mavericks,103,,
738,7:30 PM,Box Score,Brooklyn Nets,95,Detroit Pistons,111,,
739,7:00 PM,Box Score,Portland Trail Blazers,113,Indiana Pacers,118,OT,
740,10:30 PM,Box Score,Toronto Raptors,105,Los Angeles Clippers,118,,
741,9:30 PM,Box Score,Minnesota Timberwolves,91,New Orleans Pelicans,98,,
742,7:30 PM,Box Score,Denver Nuggets,90,New York Knicks,117,,
743,7:00 PM,Box Score,Oklahoma City Thunder,102,Orlando Magic,103,,
744,7:00 PM,Box Score,Los Angeles Lakers,112,Philadelphia 76ers,98,,
745,7:00 PM,Box Score,Cleveland Cavaliers,115,Washington Wizards,113,,
746,7:30 PM,Box Score,Memphis Grizzlies,79,Atlanta Hawks,76,,
747,7:00 PM,Box Score,San Antonio Spurs,104,Charlotte Bobcats,100,,
748,7:30 PM,Box Score,Denver Nuggets,109,Detroit Pistons,126,,
749,8:30 PM,Box Score,Houston Rockets,101,Milwaukee Bucks,95,,
750,8:00 PM,Box Score,Portland Trail Blazers,117,Minnesota Timberwolves,110,,
751,9:00 PM,Box Score,Golden State Warriors,109,Phoenix Suns,122,,
752,9:00 PM,Box Score,Miami Heat,89,Utah Jazz,94,,
753,6:00 PM,Box Score,Dallas Mavericks,102,Boston Celtics,91,,
754,6:00 PM,Box Score,New Orleans Pelicans,81,Brooklyn Nets,93,,
755,6:00 PM,Box Score,Memphis Grizzlies,83,Cleveland Cavaliers,91,OT,
756,9:30 PM,Box Score,Philadelphia 76ers,78,Los Angeles Clippers,123,,
757,3:30 PM,Box Score,Chicago Bulls,92,Los Angeles Lakers,86,,
758,1:00 PM,Box Score,New York Knicks,100,Oklahoma City Thunder,112,,
759,6:00 PM,Box Score,Indiana Pacers,92,Orlando Magic,93,,
760,6:00 PM,Box Score,Sacramento Kings,84,Washington Wizards,93,,
761,7:30 PM,Box Score,San Antonio Spurs,100,Detroit Pistons,109,,
762,10:30 PM,Box Score,Philadelphia 76ers,80,Golden State Warriors,123,,
763,7:00 PM,Box Score,Denver Nuggets,80,Indiana Pacers,119,,
764,8:00 PM,Box Score,Boston Celtics,102,Milwaukee Bucks,86,,
765,8:00 PM,Box Score,Houston Rockets,107,Minnesota Timberwolves,89,,
766,7:00 PM,Box Score,New Orleans Pelicans,101,Toronto Raptors,108,,
767,7:00 PM,Box Score,Dallas Mavericks,89,Charlotte Bobcats,114,,
768,8:00 PM,Box Score,Atlanta Hawks,85,Chicago Bulls,100,,
769,7:00 PM,Box Score,Sacramento Kings,99,Cleveland Cavaliers,109,,
770,10:30 PM,Box Score,Utah Jazz,96,Los Angeles Lakers,79,,
771,8:00 PM,Box Score,Washington Wizards,89,Memphis Grizzlies,92,,
772,9:00 PM,Box Score,Miami Heat,103,Phoenix Suns,97,,
773,10:00 PM,Box Score,Oklahoma City Thunder,98,Portland Trail Blazers,95,,
774,7:30 PM,Box Score,San Antonio Spurs,104,Boston Celtics,92,,
775,7:30 PM,Box Score,Charlotte Bobcats,89,Brooklyn Nets,105,,
776,7:30 PM,Box Score,Cleveland Cavaliers,93,Detroit Pistons,89,,
777,10:30 PM,Box Score,Miami Heat,111,Golden State Warriors,110,,
778,8:00 PM,Box Score,Washington Wizards,112,Houston Rockets,113,,
779,7:00 PM,Box Score,Dallas Mavericks,81,Indiana Pacers,73,,
780,10:30 PM,Box Score,Portland Trail Blazers,117,Los Angeles Clippers,122,,
781,8:00 PM,Box Score,New Orleans Pelicans,102,Milwaukee Bucks,98,,
782,8:00 PM,Box Score,Denver Nuggets,90,Minnesota Timberwolves,117,,
783,7:30 PM,Box Score,Sacramento Kings,106,New York Knicks,101,OT,
784,7:00 PM,Box Score,Memphis Grizzlies,86,Orlando Magic,81,,
785,7:00 PM,Box Score,Atlanta Hawks,83,Toronto Raptors,104,,
786,9:00 PM,Box Score,Philadelphia 76ers,100,Utah Jazz,105,,
787,8:00 PM,Box Score,Brooklyn Nets,76,Chicago Bulls,92,,
788,10:30 PM,Box Score,Oklahoma City Thunder,107,Los Angeles Lakers,103,,
789,8:30 PM,Box Score,Miami Heat,117,Dallas Mavericks,106,,
790,9:00 PM,Box Score,Phoenix Suns,112,Denver Nuggets,107,OT,
791,7:30 PM,Box Score,Charlotte Bobcats,108,Detroit Pistons,96,,
792,7:00 PM,Box Score,Atlanta Hawks,98,Indiana Pacers,108,,
793,10:30 PM,Box Score,San Antonio Spurs,113,Los Angeles Clippers,103,,
794,8:00 PM,Box Score,New York Knicks,93,Memphis Grizzlies,98,,
795,8:00 PM,Box Score,Orlando Magic,100,Milwaukee Bucks,104,,
796,7:00 PM,Box Score,Cleveland Cavaliers,114,Philadelphia 76ers,85,,
797,7:00 PM,Box Score,Toronto Raptors,103,Washington Wizards,93,,
798,7:30 PM,Box Score,Washington Wizards,114,Atlanta Hawks,97,,
799,7:00 PM,Box Score,Detroit Pistons,98,Charlotte Bobcats,116,,
800,7:00 PM,Box Score,Orlando Magic,93,Cleveland Cavaliers,101,,
801,10:30 PM,Box Score,Houston Rockets,134,Los Angeles Lakers,108,,
802,8:00 PM,Box Score,Indiana Pacers,91,Minnesota Timberwolves,104,,
803,8:00 PM,Box Score,New York Knicks,98,New Orleans Pelicans,91,,
804,9:00 PM,Box Score,Boston Celtics,94,Phoenix Suns,100,,
805,10:00 PM,Box Score,San Antonio Spurs,111,Portland Trail Blazers,109,,
806,10:00 PM,Box Score,Golden State Warriors,101,Sacramento Kings,92,,
807,7:00 PM,Box Score,Chicago Bulls,94,Toronto Raptors,92,,
808,9:00 PM,Box Score,Brooklyn Nets,105,Utah Jazz,99,,
809,10:30 PM,Box Score,Houston Rockets,99,Golden State Warriors,102,OT,
810,8:00 PM,Box Score,Denver Nuggets,101,Milwaukee Bucks,90,,
811,8:00 PM,Box Score,Miami Heat,103,Oklahoma City Thunder,81,,
812,7:00 PM,Box Score,New Orleans Pelicans,87,Charlotte Bobcats,90,,
813,8:00 PM,Box Score,Denver Nuggets,89,Chicago Bulls,117,,
814,7:30 PM,Box Score,Atlanta Hawks,107,Detroit Pistons,115,,
815,10:30 PM,Box Score,Boston Celtics,92,Los Angeles Lakers,101,,
816,8:00 PM,Box Score,Los Angeles Clippers,96,Memphis Grizzlies,102,,
817,7:00 PM,Box Score,New York Knicks,121,Orlando Magic,129,2OT,
818,7:00 PM,Box Score,Dallas Mavericks,124,Philadelphia 76ers,112,,
819,9:00 PM,Box Score,San Antonio Spurs,85,Phoenix Suns,106,,
820,10:00 PM,Box Score,Utah Jazz,94,Portland Trail Blazers,102,,
821,7:00 PM,Box Score,Cleveland Cavaliers,91,Toronto Raptors,98,,
822,7:30 PM,Box Score,New York Knicks,98,Atlanta Hawks,107,,
823,7:00 PM,Box Score,Memphis Grizzlies,89,Charlotte Bobcats,92,,
824,7:30 PM,Box Score,Dallas Mavericks,113,Detroit Pistons,102,,
825,10:30 PM,Box Score,Brooklyn Nets,86,Golden State Warriors,93,,
826,8:30 PM,Box Score,Indiana Pacers,110,Milwaukee Bucks,100,,
827,10:00 PM,Box Score,Boston Celtics,98,Sacramento Kings,105,,
828,9:00 PM,Box Score,Minnesota Timberwolves,121,Utah Jazz,104,,
829,7:00 PM,Box Score,New Orleans Pelicans,93,Washington Wizards,94,,
830,6:00 PM,Box Score,Washington Wizards,96,Cleveland Cavaliers,83,,
831,8:00 PM,Box Score,Sacramento Kings,109,Denver Nuggets,95,,
832,9:00 PM,Box Score,Brooklyn Nets,108,Los Angeles Lakers,102,,
833,3:30 PM,Box Score,Chicago Bulls,79,Miami Heat,93,,
834,1:00 PM,Box Score,Los Angeles Clippers,125,Oklahoma City Thunder,117,,
835,9:00 PM,Box Score,Houston Rockets,115,Phoenix Suns,112,,
836,9:00 PM,Box Score,Minnesota Timberwolves,97,Portland Trail Blazers,108,,
837,6:00 PM,Box Score,Orlando Magic,90,Toronto Raptors,105,,
838,7:30 PM,Box Score,Golden State Warriors,104,Detroit Pistons,96,,
839,8:00 PM,Box Score,Los Angeles Clippers,123,New Orleans Pelicans,110,,
840,7:30 PM,Box Score,Dallas Mavericks,110,New York Knicks,108,,
841,7:00 PM,Box Score,Milwaukee Bucks,130,Philadelphia 76ers,110,,
842,9:00 PM,Box Score,Boston Celtics,98,Utah Jazz,110,,
843,7:30 PM,Box Score,Chicago Bulls,107,Atlanta Hawks,103,,
844,7:00 PM,Box Score,Toronto Raptors,99,Cleveland Cavaliers,93,,
845,9:00 PM,Box Score,Portland Trail Blazers,100,Denver Nuggets,95,,
846,7:00 PM,Box Score,Los Angeles Lakers,98,Indiana Pacers,118,,
847,9:00 PM,Box Score,Minnesota Timberwolves,110,Phoenix Suns,101,,
848,10:00 PM,Box Score,Houston Rockets,129,Sacramento Kings,103,,
849,7:00 PM,Box Score,Orlando Magic,106,Washington Wizards,115,,
850,7:30 PM,Box Score,Atlanta Hawks,104,Boston Celtics,115,,
851,8:00 PM,Box Score,Golden State Warriors,83,Chicago Bulls,103,,
852,8:00 PM,Box Score,New Orleans Pelicans,89,Dallas Mavericks,108,,
853,10:30 PM,Box Score,Houston Rockets,93,Los Angeles Clippers,101,,
854,8:00 PM,Box Score,Los Angeles Lakers,103,Memphis Grizzlies,108,,
855,8:00 PM,Box Score,Cleveland Cavaliers,114,Oklahoma City Thunder,104,,
856,7:00 PM,Box Score,Orlando Magic,101,Philadelphia 76ers,90,,
857,10:00 PM,Box Score,Brooklyn Nets,80,Portland Trail Blazers,124,,
858,8:30 PM,Box Score,Detroit Pistons,110,San Antonio Spurs,120,,
859,9:00 PM,Box Score,Phoenix Suns,86,Utah Jazz,109,,
860,10:30 PM,Box Score,Brooklyn Nets,112,Denver Nuggets,89,,
861,7:00 PM,Box Score,Milwaukee Bucks,96,Indiana Pacers,101,,
862,8:00 PM,Box Score,New York Knicks,82,Miami Heat,108,,
863,7:00 PM,Box Score,Washington Wizards,134,Toronto Raptors,129,3OT,
864,7:30 PM,Box Score,Utah Jazz,79,Cleveland Cavaliers,99,,
865,8:30 PM,Box Score,Chicago Bulls,100,Dallas Mavericks,91,,
866,10:30 PM,Box Score,Sacramento Kings,122,Los Angeles Lakers,126,,
867,8:00 PM,Box Score,Golden State Warriors,126,New York Knicks,103,,
868,8:00 PM,Box Score,Memphis Grizzlies,107,Oklahoma City Thunder,113,,
869,10:30 PM,Box Score,New Orleans Pelicans,104,Phoenix Suns,116,,
870,8:30 PM,Box Score,Charlotte Bobcats,82,San Antonio Spurs,92,,
871,8:00 PM,Box Score,Indiana Pacers,102,Boston Celtics,97,,
872,8:00 PM,Box Score,Detroit Pistons,110,Houston Rockets,118,,
873,10:30 PM,Box Score,New Orleans Pelicans,76,Los Angeles Clippers,108,,
874,9:00 PM,Box Score,Cleveland Cavaliers,96,Memphis Grizzlies,110,,
875,7:30 PM,Box Score,Orlando Magic,98,Miami Heat,112,,
876,8:30 PM,Box Score,Brooklyn Nets,107,Milwaukee Bucks,98,,
877,7:30 PM,Box Score,Washington Wizards,122,Philadelphia 76ers,103,,
878,10:00 PM,Box Score,Denver Nuggets,96,Portland Trail Blazers,102,,
879,10:00 PM,Box Score,Minnesota Timberwolves,108,Sacramento Kings,97,,
880,1:00 PM,Box Score,New York Knicks,90,Chicago Bulls,109,,
881,6:00 PM,Box Score,Utah Jazz,91,Indiana Pacers,94,,
882,7:00 PM,Box Score,Charlotte Bobcats,99,Oklahoma City Thunder,116,,
883,6:00 PM,Box Score,Philadelphia 76ers,81,Orlando Magic,92,,
884,8:00 PM,Box Score,Atlanta Hawks,120,Phoenix Suns,129,,
885,7:00 PM,Box Score,Dallas Mavericks,106,San Antonio Spurs,112,,
886,4:00 PM,Box Score,Golden State Warriors,98,Toronto Raptors,104,,
887,7:30 PM,Box Score,Chicago Bulls,80,Brooklyn Nets,96,,
888,9:00 PM,Box Score,Minnesota Timberwolves,132,Denver Nuggets,128,,
889,7:30 PM,Box Score,New York Knicks,85,Detroit Pistons,96,,
890,7:30 PM,Box Score,Charlotte Bobcats,107,Miami Heat,124,,
891,8:00 PM,Box Score,Utah Jazz,88,Milwaukee Bucks,114,,
892,10:00 PM,Box Score,Los Angeles Lakers,107,Portland Trail Blazers,106,,
893,10:00 PM,Box Score,New Orleans Pelicans,89,Sacramento Kings,96,,
894,7:00 PM,Box Score,Memphis Grizzlies,110,Washington Wizards,104,,
895,7:00 PM,Box Score,San Antonio Spurs,122,Cleveland Cavaliers,101,,
896,8:00 PM,Box Score,Miami Heat,103,Houston Rockets,106,,
897,7:00 PM,Box Score,Golden State Warriors,98,Indiana Pacers,96,,
898,10:30 PM,Box Score,New Orleans Pelicans,132,Los Angeles Lakers,125,,
899,8:00 PM,Box Score,Philadelphia 76ers,92,Oklahoma City Thunder,125,,
900,9:00 PM,Box Score,Los Angeles Clippers,104,Phoenix Suns,96,,
901,7:30 PM,Box Score,Golden State Warriors,108,Boston Celtics,88,,
902,7:30 PM,Box Score,Memphis Grizzlies,94,Brooklyn Nets,103,,
903,7:00 PM,Box Score,Indiana Pacers,87,Charlotte Bobcats,109,,
904,8:00 PM,Box Score,Dallas Mavericks,110,Denver Nuggets,115,,
905,7:30 PM,Box Score,Chicago Bulls,105,Detroit Pistons,94,,
906,8:00 PM,Box Score,Sacramento Kings,116,Milwaukee Bucks,102,,
907,8:00 PM,Box Score,New York Knicks,118,Minnesota Timberwolves,106,,
908,7:00 PM,Box Score,Houston Rockets,101,Orlando Magic,89,,
909,10:30 PM,Box Score,Atlanta Hawks,78,Portland Trail Blazers,102,,
910,7:00 PM,Box Score,Utah Jazz,91,Washington Wizards,104,,
911,10:30 PM,Box Score,Los Angeles Clippers,142,Los Angeles Lakers,94,,
912,9:00 PM,Box Score,Oklahoma City Thunder,122,Phoenix Suns,128,,
913,8:00 PM,Box Score,Miami Heat,87,San Antonio Spurs,111,,
914,7:30 PM,Box Score,Brooklyn Nets,84,Boston Celtics,91,,
915,7:00 PM,Box Score,Cleveland Cavaliers,92,Charlotte Bobcats,101,,
916,7:00 PM,Box Score,Memphis Grizzlies,85,Chicago Bulls,77,,
917,8:30 PM,Box Score,Portland Trail Blazers,98,Dallas Mavericks,103,,
918,9:00 PM,Box Score,Los Angeles Lakers,126,Denver Nuggets,134,,
919,10:30 PM,Box Score,Atlanta Hawks,97,Golden State Warriors,111,,
920,9:30 PM,Box Score,Indiana Pacers,86,Houston Rockets,112,,
921,8:00 PM,Box Score,Detroit Pistons,101,Minnesota Timberwolves,114,,
922,8:00 PM,Box Score,Milwaukee Bucks,104,New Orleans Pelicans,112,,
923,7:30 PM,Box Score,Utah Jazz,81,New York Knicks,108,,
924,7:00 PM,Box Score,Sacramento Kings,87,Toronto Raptors,99,,
925,7:30 PM,Box Score,New York Knicks,107,Cleveland Cavaliers,97,,
926,10:30 PM,Box Score,Atlanta Hawks,108,Los Angeles Clippers,109,,
927,8:00 PM,Box Score,Charlotte Bobcats,89,Memphis Grizzlies,111,,
928,9:00 PM,Box Score,Washington Wizards,114,Milwaukee Bucks,107,,
929,7:30 PM,Box Score,Utah Jazz,104,Philadelphia 76ers,92,,
930,8:30 PM,Box Score,Orlando Magic,112,San Antonio Spurs,121,,
931,6:00 PM,Box Score,Detroit Pistons,111,Boston Celtics,118,,
932,6:00 PM,Box Score,Sacramento Kings,89,Brooklyn Nets,104,,
933,1:00 PM,Box Score,Miami Heat,88,Chicago Bulls,95,OT,
934,7:30 PM,Box Score,Indiana Pacers,94,Dallas Mavericks,105,,
935,9:00 PM,Box Score,Phoenix Suns,107,Golden State Warriors,113,,
936,7:00 PM,Box Score,Portland Trail Blazers,113,Houston Rockets,118,OT,
937,3:30 PM,Box Score,Oklahoma City Thunder,110,Los Angeles Lakers,114,,
938,7:00 PM,Box Score,Toronto Raptors,111,Minnesota Timberwolves,104,,
939,6:00 PM,Box Score,Denver Nuggets,107,New Orleans Pelicans,111,OT,
940,7:30 PM,Box Score,Toronto Raptors,97,Brooklyn Nets,101,,
941,7:00 PM,Box Score,Denver Nuggets,98,Charlotte Bobcats,105,,
942,10:30 PM,Box Score,Phoenix Suns,105,Los Angeles Clippers,112,,
943,7:30 PM,Box Score,Washington Wizards,90,Miami Heat,99,,
944,8:00 PM,Box Score,Orlando Magic,98,Milwaukee Bucks,105,,
945,7:30 PM,Box Score,Philadelphia 76ers,110,New York Knicks,123,,
946,9:00 PM,Box Score,Atlanta Hawks,112,Utah Jazz,110,,
947,8:00 PM,Box Score,San Antonio Spurs,104,Chicago Bulls,96,,
948,7:30 PM,Box Score,Sacramento Kings,89,Detroit Pistons,99,,
949,10:30 PM,Box Score,Dallas Mavericks,85,Golden State Warriors,108,,
950,7:00 PM,Box Score,Boston Celtics,83,Indiana Pacers,94,,
951,8:00 PM,Box Score,Portland Trail Blazers,99,Memphis Grizzlies,109,,
952,8:00 PM,Box Score,Milwaukee Bucks,101,Minnesota Timberwolves,112,,
953,8:00 PM,Box Score,Houston Rockets,98,Oklahoma City Thunder,106,,
954,7:30 PM,Box Score,New York Knicks,116,Boston Celtics,92,,
955,10:30 PM,Box Score,Golden State Warriors,98,Los Angeles Clippers,111,,
956,7:00 PM,Box Score,Brooklyn Nets,96,Miami Heat,95,,
957,8:00 PM,Box Score,Memphis Grizzlies,90,New Orleans Pelicans,88,,
958,7:00 PM,Box Score,Denver Nuggets,120,Orlando Magic,112,,
959,7:00 PM,Box Score,Sacramento Kings,115,Philadelphia 76ers,98,,
960,10:00 PM,Box Score,Cleveland Cavaliers,110,Phoenix Suns,101,,
961,9:30 PM,Box Score,Portland Trail Blazers,90,San Antonio Spurs,103,,
962,7:00 PM,Box Score,Detroit Pistons,87,Toronto Raptors,101,,
963,9:00 PM,Box Score,Dallas Mavericks,108,Utah Jazz,101,,
964,7:00 PM,Box Score,Charlotte Bobcats,98,Washington Wizards,85,,
965,7:30 PM,Box Score,Milwaukee Bucks,97,Atlanta Hawks,102,,
966,7:00 PM,Box Score,Houston Rockets,87,Chicago Bulls,111,,
967,9:30 PM,Box Score,Los Angeles Lakers,102,Oklahoma City Thunder,131,,
968,7:30 PM,Box Score,Phoenix Suns,87,Boston Celtics,80,,
969,7:00 PM,Box Score,Minnesota Timberwolves,93,Charlotte Bobcats,105,,
970,10:30 PM,Box Score,Cleveland Cavaliers,103,Golden State Warriors,94,,
971,7:30 PM,Box Score,Denver Nuggets,111,Miami Heat,107,,
972,8:00 PM,Box Score,Portland Trail Blazers,111,New Orleans Pelicans,103,,
973,7:00 PM,Box Score,Washington Wizards,105,Orlando Magic,101,OT,
974,7:00 PM,Box Score,Indiana Pacers,101,Philadelphia 76ers,94,,
975,8:30 PM,Box Score,Los Angeles Lakers,85,San Antonio Spurs,119,,
976,7:00 PM,Box Score,Memphis Grizzlies,86,Toronto Raptors,99,,
977,9:00 PM,Box Score,Los Angeles Clippers,96,Utah Jazz,87,,
978,7:30 PM,Box Score,Denver Nuggets,92,Atlanta Hawks,97,,
979,8:00 PM,Box Score,Sacramento Kings,87,Chicago Bulls,94,,
980,7:30 PM,Box Score,Indiana Pacers,112,Detroit Pistons,104,OT,
981,12:00 AM,Box Score,Milwaukee Bucks,94,New York Knicks,115,,
982,7:30 PM,Box Score,Memphis Grizzlies,103,Philadelphia 76ers,77,,
983,7:00 PM,Box Score,Brooklyn Nets,94,Washington Wizards,101,,
984,9:30 PM,Box Score,Cleveland Cavaliers,80,Los Angeles Clippers,102,,
985,3:30 PM,Box Score,Houston Rockets,104,Miami Heat,113,,
986,1:00 PM,Box Score,Charlotte Bobcats,101,Milwaukee Bucks,92,,
987,7:00 PM,Box Score,Sacramento Kings,102,Minnesota Timberwolves,104,,
988,6:00 PM,Box Score,Boston Celtics,120,New Orleans Pelicans,121,OT,
989,7:00 PM,Box Score,Dallas Mavericks,109,Oklahoma City Thunder,86,,
990,9:00 PM,Box Score,Golden State Warriors,113,Portland Trail Blazers,112,,
991,7:00 PM,Box Score,Utah Jazz,104,San Antonio Spurs,122,,
992,1:00 PM,Box Score,Phoenix Suns,121,Toronto Raptors,113,,
993,7:30 PM,Box Score,Phoenix Suns,95,Brooklyn Nets,108,,
994,7:00 PM,Box Score,Atlanta Hawks,97,Charlotte Bobcats,83,,
995,8:00 PM,Box Score,Oklahoma City Thunder,97,Chicago Bulls,85,,
996,8:30 PM,Box Score,Boston Celtics,89,Dallas Mavericks,94,,
997,10:30 PM,Box Score,Los Angeles Clippers,100,Denver Nuggets,110,,
998,8:00 PM,Box Score,Utah Jazz,86,Houston Rockets,124,,
999,7:00 PM,Box Score,Philadelphia 76ers,90,Indiana Pacers,99,,
1000,7:30 PM,Box Score,Toronto Raptors,113,Atlanta Hawks,118,OT,
1001,7:00 PM,Box Score,Miami Heat,100,Cleveland Cavaliers,96,,
1002,10:30 PM,Box Score,Orlando Magic,89,Golden State Warriors,103,,
1003,10:00 PM,Box Score,Milwaukee Bucks,115,Portland Trail Blazers,120,OT,
1004,10:00 PM,Box Score,Washington Wizards,111,Sacramento Kings,117,OT,
1005,7:30 PM,Box Score,Miami Heat,96,Boston Celtics,101,,
1006,7:30 PM,Box Score,Charlotte Bobcats,99,Brooklyn Nets,104,,
1007,8:30 PM,Box Score,Minnesota Timberwolves,123,Dallas Mavericks,122,OT,
1008,9:00 PM,Box Score,Detroit Pistons,109,Denver Nuggets,118,,
1009,10:30 PM,Box Score,San Antonio Spurs,125,Los Angeles Lakers,109,,
1010,8:00 PM,Box Score,Utah Jazz,86,Memphis Grizzlies,96,,
1011,8:00 PM,Box Score,Toronto Raptors,107,New Orleans Pelicans,100,,
1012,8:00 PM,Box Score,Indiana Pacers,86,New York Knicks,92,,
1013,7:00 PM,Box Score,Chicago Bulls,102,Philadelphia 76ers,94,,
1014,10:00 PM,Box Score,Orlando Magic,93,Phoenix Suns,109,,
1015,7:00 PM,Box Score,Oklahoma City Thunder,102,Cleveland Cavaliers,95,,
1016,10:30 PM,Box Score,Milwaukee Bucks,110,Golden State Warriors,115,,
1017,8:00 PM,Box Score,Minnesota Timberwolves,106,Houston Rockets,129,,
1018,10:00 PM,Box Score,Washington Wizards,103,Portland Trail Blazers,116,,
1019,7:30 PM,Box Score,New Orleans Pelicans,111,Atlanta Hawks,105,,
1020,7:30 PM,Box Score,Boston Celtics,98,Brooklyn Nets,114,,
1021,8:30 PM,Box Score,Denver Nuggets,106,Dallas Mavericks,122,,
1022,7:00 PM,Box Score,Chicago Bulls,79,Indiana Pacers,91,,
1023,10:30 PM,Box Score,Washington Wizards,117,Los Angeles Lakers,107,,
1024,7:30 PM,Box Score,Memphis Grizzlies,86,Miami Heat,91,,
1025,7:00 PM,Box Score,New York Knicks,93,Philadelphia 76ers,92,,
1026,10:00 PM,Box Score,Detroit Pistons,92,Phoenix Suns,98,,
1027,10:00 PM,Box Score,San Antonio Spurs,99,Sacramento Kings,79,,
1028,7:00 PM,Box Score,Oklahoma City Thunder,119,Toronto Raptors,118,2OT,
1029,7:00 PM,Box Score,Portland Trail Blazers,94,Charlotte Bobcats,124,,
1030,8:00 PM,Box Score,Philadelphia 76ers,81,Chicago Bulls,91,,
1031,7:30 PM,Box Score,Houston Rockets,118,Cleveland Cavaliers,111,,
1032,10:30 PM,Box Score,San Antonio Spurs,99,Golden State Warriors,90,,
1033,10:30 PM,Box Score,Detroit Pistons,103,Los Angeles Clippers,112,,
1034,8:00 PM,Box Score,Indiana Pacers,71,Memphis Grizzlies,82,,
1035,8:00 PM,Box Score,Miami Heat,95,New Orleans Pelicans,105,,
1036,9:00 PM,Box Score,Orlando Magic,88,Utah Jazz,89,,
1037,7:30 PM,Box Score,Brooklyn Nets,107,Dallas Mavericks,104,OT,
1038,5:00 PM,Box Score,Washington Wizards,102,Denver Nuggets,105,,
1039,9:30 PM,Box Score,Orlando Magic,94,Los Angeles Lakers,103,,
1040,3:30 PM,Box Score,Phoenix Suns,127,Minnesota Timberwolves,120,,
1041,7:30 PM,Box Score,Cleveland Cavaliers,106,New York Knicks,100,,
1042,6:00 PM,Box Score,Milwaukee Bucks,107,Sacramento Kings,124,,
1043,1:00 PM,Box Score,Atlanta Hawks,86,Toronto Raptors,96,,
1044,7:30 PM,Box Score,Phoenix Suns,102,Atlanta Hawks,95,,
1045,7:00 PM,Box Score,Houston Rockets,100,Charlotte Bobcats,89,,
1046,8:00 PM,Box Score,Indiana Pacers,77,Chicago Bulls,89,,
1047,10:30 PM,Box Score,Milwaukee Bucks,98,Los Angeles Clippers,106,,
1048,8:00 PM,Box Score,Minnesota Timberwolves,92,Memphis Grizzlies,109,,
1049,7:30 PM,Box Score,Portland Trail Blazers,91,Miami Heat,93,,
1050,8:00 PM,Box Score,Brooklyn Nets,104,New Orleans Pelicans,109,OT,
1051,8:00 PM,Box Score,Denver Nuggets,96,Oklahoma City Thunder,117,,
1052,8:30 PM,Box Score,Philadelphia 76ers,91,San Antonio Spurs,113,,
1053,9:00 PM,Box Score,Detroit Pistons,114,Utah Jazz,94,,
1054,7:00 PM,Box Score,Toronto Raptors,100,Cleveland Cavaliers,102,,
1055,8:00 PM,Box Score,Oklahoma City Thunder,119,Dallas Mavericks,128,OT,
1056,10:30 PM,Box Score,New York Knicks,96,Los Angeles Lakers,127,,
1057,7:00 PM,Box Score,Portland Trail Blazers,85,Orlando Magic,95,,
1058,7:30 PM,Box Score,Toronto Raptors,99,Boston Celtics,90,,
1059,7:00 PM,Box Score,Brooklyn Nets,111,Charlotte Bobcats,116,OT,
1060,7:30 PM,Box Score,Cleveland Cavaliers,97,Detroit Pistons,96,,
1061,8:00 PM,Box Score,Miami Heat,83,Indiana Pacers,84,,
1062,8:00 PM,Box Score,Atlanta Hawks,83,Minnesota Timberwolves,107,,
1063,8:00 PM,Box Score,Los Angeles Clippers,96,New Orleans Pelicans,98,,
1064,10:00 PM,Box Score,New York Knicks,107,Sacramento Kings,99,,
1065,8:30 PM,Box Score,Denver Nuggets,103,San Antonio Spurs,108,,
1066,10:30 PM,Box Score,Memphis Grizzlies,91,Utah Jazz,87,,
1067,7:00 PM,Box Score,Phoenix Suns,99,Washington Wizards,93,,
1068,7:30 PM,Box Score,Portland Trail Blazers,100,Atlanta Hawks,85,,
1069,8:30 PM,Box Score,Los Angeles Clippers,109,Dallas Mavericks,103,,
1070,8:00 PM,Box Score,Philadelphia 76ers,98,Houston Rockets,120,,
1071,8:00 PM,Box Score,Los Angeles Lakers,105,Milwaukee Bucks,108,,
1072,7:30 PM,Box Score,Cleveland Cavaliers,97,Brooklyn Nets,108,,
1073,8:00 PM,Box Score,Portland Trail Blazers,91,Chicago Bulls,74,,
1074,9:00 PM,Box Score,San Antonio Spurs,133,Denver Nuggets,102,,
1075,7:30 PM,Box Score,Miami Heat,110,Detroit Pistons,78,,
1076,10:30 PM,Box Score,Memphis Grizzlies,93,Golden State Warriors,100,,
1077,8:00 PM,Box Score,Los Angeles Lakers,107,Minnesota Timberwolves,143,,
1078,8:00 PM,Box Score,Utah Jazz,95,New Orleans Pelicans,102,,
1079,8:00 PM,Box Score,Sacramento Kings,81,Oklahoma City Thunder,94,,
1080,7:00 PM,Box Score,Charlotte Bobcats,105,Orlando Magic,110,OT,
1081,10:00 PM,Box Score,New York Knicks,88,Phoenix Suns,112,,
1082,7:00 PM,Box Score,Boston Celtics,103,Toronto Raptors,105,,
1083,7:00 PM,Box Score,Indiana Pacers,78,Washington Wizards,91,,
1084,8:30 PM,Box Score,Sacramento Kings,100,Dallas Mavericks,103,,
1085,8:00 PM,Box Score,Los Angeles Clippers,118,Houston Rockets,107,,
1086,8:30 PM,Box Score,Miami Heat,88,Milwaukee Bucks,67,,
1087,7:30 PM,Box Score,Detroit Pistons,98,Philadelphia 76ers,123,,
1088,8:30 PM,Box Score,New Orleans Pelicans,80,San Antonio Spurs,96,,
1089,8:00 PM,Box Score,Atlanta Hawks,97,Washington Wizards,101,,
1090,7:00 PM,Box Score,Chicago Bulls,107,Boston Celtics,102,,
1091,6:00 PM,Box Score,Minnesota Timberwolves,99,Brooklyn Nets,114,,
1092,3:00 PM,Box Score,Indiana Pacers,76,Cleveland Cavaliers,90,,
1093,9:00 PM,Box Score,New York Knicks,89,Golden State Warriors,84,,
1094,9:30 PM,Box Score,Phoenix Suns,99,Los Angeles Lakers,115,,
1095,3:00 PM,Box Score,Utah Jazz,96,Oklahoma City Thunder,116,,
1096,6:00 PM,Box Score,Toronto Raptors,98,Orlando Magic,93,,
1097,9:00 PM,Box Score,Memphis Grizzlies,98,Portland Trail Blazers,105,,
1098,7:30 PM,Box Score,Philadelphia 76ers,95,Atlanta Hawks,103,,
1099,7:00 PM,Box Score,Washington Wizards,94,Charlotte Bobcats,100,,
1100,8:00 PM,Box Score,Boston Celtics,80,Chicago Bulls,94,,
1101,9:00 PM,Box Score,Memphis Grizzlies,94,Denver Nuggets,92,,
1102,7:30 PM,Box Score,Milwaukee Bucks,111,Detroit Pistons,116,,
1103,7:00 PM,Box Score,San Antonio Spurs,103,Indiana Pacers,77,,
1104,7:30 PM,Box Score,Toronto Raptors,83,Miami Heat,93,,
1105,8:00 PM,Box Score,Los Angeles Clippers,114,Minnesota Timberwolves,104,,
1106,8:00 PM,Box Score,Sacramento Kings,102,New Orleans Pelicans,97,,
1107,9:00 PM,Box Score,New York Knicks,92,Utah Jazz,83,,
1108,8:00 PM,Box Score,Houston Rockets,96,Brooklyn Nets,105,,
1109,8:30 PM,Box Score,Golden State Warriors,122,Dallas Mavericks,120,OT,
1110,10:30 PM,Box Score,Portland Trail Blazers,124,Los Angeles Lakers,112,,
1111,7:30 PM,Box Score,Chicago Bulls,105,Atlanta Hawks,92,,
1112,9:00 PM,Box Score,New Orleans Pelicans,107,Denver Nuggets,137,,
1113,7:00 PM,Box Score,Detroit Pistons,94,Indiana Pacers,101,,
1114,7:30 PM,Box Score,Milwaukee Bucks,77,Miami Heat,96,,
1115,8:00 PM,Box Score,Memphis Grizzlies,88,Minnesota Timberwolves,102,,
1116,7:00 PM,Box Score,Brooklyn Nets,81,New York Knicks,110,,
1117,7:00 PM,Box Score,Cleveland Cavaliers,119,Orlando Magic,98,,
1118,7:00 PM,Box Score,Charlotte Bobcats,123,Philadelphia 76ers,93,,
1119,10:00 PM,Box Score,Los Angeles Clippers,112,Phoenix Suns,108,,
1120,10:00 PM,Box Score,Los Angeles Lakers,102,Sacramento Kings,107,,
1121,8:30 PM,Box Score,Golden State Warriors,90,San Antonio Spurs,111,,
1122,7:00 PM,Box Score,Houston Rockets,103,Toronto Raptors,107,,
1123,7:00 PM,Box Score,Boston Celtics,92,Washington Wizards,118,,
1124,10:30 PM,Box Score,Dallas Mavericks,113,Los Angeles Clippers,107,,
1125,8:00 PM,Box Score,San Antonio Spurs,94,Oklahoma City Thunder,106,,
1126,7:30 PM,Box Score,Cleveland Cavaliers,98,Atlanta Hawks,117,,
1127,7:30 PM,Box Score,Philadelphia 76ers,111,Boston Celtics,102,,
1128,7:30 PM,Box Score,Detroit Pistons,104,Brooklyn Nets,116,,
1129,7:00 PM,Box Score,Orlando Magic,80,Charlotte Bobcats,91,,
1130,8:00 PM,Box Score,Milwaukee Bucks,90,Chicago Bulls,102,,
1131,10:30 PM,Box Score,Sacramento Kings,69,Golden State Warriors,102,,
1132,9:30 PM,Box Score,Oklahoma City Thunder,107,Houston Rockets,111,,
1133,10:30 PM,Box Score,Dallas Mavericks,107,Los Angeles Lakers,95,,
1134,7:00 PM,Box Score,Denver Nuggets,92,Memphis Grizzlies,100,,
1135,7:30 PM,Box Score,Minnesota Timberwolves,122,Miami Heat,121,2OT,
1136,7:30 PM,Box Score,Washington Wizards,90,New York Knicks,89,,
1137,10:00 PM,Box Score,Phoenix Suns,109,Portland Trail Blazers,93,,
1138,7:00 PM,Box Score,Indiana Pacers,94,Toronto Raptors,102,,
1139,9:00 PM,Box Score,New Orleans Pelicans,96,Utah Jazz,100,,
1140,7:30 PM,Box Score,Charlotte Bobcats,96,Cleveland Cavaliers,94,OT,
1141,7:30 PM,Box Score,Boston Celtics,111,Detroit Pistons,115,,
1142,8:30 PM,Box Score,Toronto Raptors,102,Milwaukee Bucks,98,,
1143,7:00 PM,Box Score,Minnesota Timberwolves,92,Orlando Magic,100,,
1144,7:30 PM,Box Score,Brooklyn Nets,105,Philadelphia 76ers,101,,
1145,7:00 PM,Box Score,Chicago Bulls,96,Washington Wizards,78,,
1146,9:00 PM,Box Score,Utah Jazz,102,Golden State Warriors,130,,
1147,7:00 PM,Box Score,Denver Nuggets,125,Houston Rockets,130,OT,
1148,6:00 PM,Box Score,Atlanta Hawks,107,Indiana Pacers,88,,
1149,3:30 PM,Box Score,Los Angeles Lakers,97,Los Angeles Clippers,120,,
1150,1:00 PM,Box Score,New York Knicks,91,Miami Heat,102,,
1151,9:00 PM,Box Score,Oklahoma City Thunder,115,Phoenix Suns,122,,
1152,9:00 PM,Box Score,New Orleans Pelicans,94,Portland Trail Blazers,100,,
1153,6:00 PM,Box Score,Dallas Mavericks,93,Sacramento Kings,91,,
1154,7:00 PM,Box Score,Memphis Grizzlies,92,San Antonio Spurs,112,,
1155,7:30 PM,Box Score,Detroit Pistons,102,Atlanta Hawks,95,,
1156,10:30 PM,Box Score,Houston Rockets,145,Los Angeles Lakers,130,,
1157,8:00 PM,Box Score,Brooklyn Nets,88,Miami Heat,87,,
1158,8:00 PM,Box Score,San Antonio Spurs,91,Minnesota Timberwolves,110,,
1159,10:00 PM,Box Score,Oklahoma City Thunder,107,Sacramento Kings,92,,
1160,9:00 PM,Box Score,Dallas Mavericks,95,Utah Jazz,83,,
1161,7:30 PM,Box Score,Boston Celtics,97,Atlanta Hawks,105,,
1162,7:00 PM,Box Score,Detroit Pistons,100,Cleveland Cavaliers,122,,
1163,9:00 PM,Box Score,Houston Rockets,116,Denver Nuggets,123,,
1164,10:30 PM,Box Score,Oklahoma City Thunder,107,Los Angeles Clippers,101,,
1165,8:00 PM,Box Score,Miami Heat,102,Memphis Grizzlies,107,,
1166,8:00 PM,Box Score,Indiana Pacers,104,Milwaukee Bucks,102,,
1167,8:00 PM,Box Score,Chicago Bulls,102,Minnesota Timberwolves,87,,
1168,8:00 PM,Box Score,Phoenix Suns,94,New Orleans Pelicans,88,,
1169,7:00 PM,Box Score,Brooklyn Nets,111,Orlando Magic,115,,
1170,10:00 PM,Box Score,Sacramento Kings,99,Portland Trail Blazers,100,,
1171,7:00 PM,Box Score,Philadelphia 76ers,114,Toronto Raptors,125,,
1172,7:00 PM,Box Score,Charlotte Bobcats,94,Washington Wizards,88,OT,
1173,8:00 PM,Box Score,San Antonio Spurs,109,Dallas Mavericks,100,,
1174,10:30 PM,Box Score,Denver Nuggets,100,Golden State Warriors,99,,
1175,7:30 PM,Box Score,Charlotte Bobcats,103,Boston Celtics,106,,
1176,7:30 PM,Box Score,Atlanta Hawks,93,Brooklyn Nets,88,,
1177,8:00 PM,Box Score,Detroit Pistons,98,Chicago Bulls,106,,
1178,10:30 PM,Box Score,Golden State Warriors,112,Los Angeles Lakers,95,,
1179,8:00 PM,Box Score,Philadelphia 76ers,95,Memphis Grizzlies,117,,
1180,7:30 PM,Box Score,Indiana Pacers,86,Miami Heat,98,,
1181,8:30 PM,Box Score,Cleveland Cavaliers,116,Milwaukee Bucks,119,,
1182,8:00 PM,Box Score,Houston Rockets,110,Minnesota Timberwolves,112,,
1183,8:00 PM,Box Score,New Orleans Pelicans,94,Oklahoma City Thunder,116,,
1184,7:00 PM,Box Score,Washington Wizards,96,Orlando Magic,86,,
1185,8:30 PM,Box Score,Phoenix Suns,104,San Antonio Spurs,112,,
1186,7:00 PM,Box Score,New York Knicks,108,Toronto Raptors,100,,
1187,9:00 PM,Box Score,Portland Trail Blazers,111,Utah Jazz,99,,
1188,7:30 PM,Box Score,Miami Heat,85,Atlanta Hawks,98,,
1189,7:00 PM,Box Score,Philadelphia 76ers,105,Charlotte Bobcats,111,,
1190,7:30 PM,Box Score,Boston Celtics,111,Cleveland Cavaliers,99,,
1191,8:30 PM,Box Score,Phoenix Suns,98,Dallas Mavericks,101,,
1192,9:00 PM,Box Score,Utah Jazz,94,Denver Nuggets,101,,
1193,8:00 PM,Box Score,New Orleans Pelicans,104,Houston Rockets,111,,
1194,3:30 PM,Box Score,Sacramento Kings,101,Los Angeles Clippers,117,,
1195,7:00 PM,Box Score,Milwaukee Bucks,91,Washington Wizards,104,,
1196,6:00 PM,Box Score,Orlando Magic,88,Brooklyn Nets,97,,
1197,3:30 PM,Box Score,Toronto Raptors,116,Detroit Pistons,107,,
1198,1:00 PM,Box Score,Oklahoma City Thunder,97,Indiana Pacers,102,,
1199,9:30 PM,Box Score,Memphis Grizzlies,102,Los Angeles Lakers,90,,
1200,7:30 PM,Box Score,Chicago Bulls,89,New York Knicks,100,,
1201,9:00 PM,Box Score,Golden State Warriors,117,Portland Trail Blazers,119,OT,
1202,9:00 PM,Box Score,Minnesota Timberwolves,103,Sacramento Kings,106,,
1203,7:30 PM,Box Score,Charlotte Bobcats,95,Atlanta Hawks,93,,
1204,8:00 PM,Box Score,Orlando Magic,95,Chicago Bulls,108,,
1205,10:30 PM,Box Score,Minnesota Timberwolves,120,Golden State Warriors,130,,
1206,8:00 PM,Box Score,San Antonio Spurs,98,Houston Rockets,104,,
1207,8:00 PM,Box Score,Oklahoma City Thunder,89,New Orleans Pelicans,101,,
1208,7:00 PM,Box Score,Boston Celtics,108,Philadelphia 76ers,113,,
1209,10:00 PM,Box Score,Memphis Grizzlies,97,Phoenix Suns,91,,
1210,7:00 PM,Box Score,Milwaukee Bucks,100,Toronto Raptors,110,,
1211,9:00 PM,Box Score,Los Angeles Lakers,119,Utah Jazz,104,,
1212,7:00 PM,Box Score,Miami Heat,93,Washington Wizards,114,,
1213,8:00 PM,Box Score,New York Knicks,109,Brooklyn Nets,98,,
1214,10:30 PM,Box Score,Denver Nuggets,105,Los Angeles Clippers,117,,
1215,8:00 PM,Box Score,Washington Wizards,118,Boston Celtics,102,,
1216,7:00 PM,Box Score,Chicago Bulls,86,Charlotte Bobcats,91,OT,
1217,8:00 PM,Box Score,Brooklyn Nets,85,Cleveland Cavaliers,114,,
1218,10:30 PM,Box Score,Golden State Warriors,116,Denver Nuggets,112,,
1219,8:00 PM,Box Score,Dallas Mavericks,105,Memphis Grizzlies,106,OT,
1220,8:00 PM,Box Score,Philadelphia 76ers,100,Miami Heat,87,,
1221,8:00 PM,Box Score,Atlanta Hawks,111,Milwaukee Bucks,103,,
1222,8:00 PM,Box Score,Utah Jazz,136,Minnesota Timberwolves,130,2OT,
1223,8:00 PM,Box Score,Houston Rockets,100,New Orleans Pelicans,105,,
1224,8:00 PM,Box Score,Toronto Raptors,92,New York Knicks,95,,
1225,8:00 PM,Box Score,Detroit Pistons,111,Oklahoma City Thunder,112,,
1226,7:00 PM,Box Score,Indiana Pacers,101,Orlando Magic,86,,
1227,10:30 PM,Box Score,Los Angeles Clippers,104,Portland Trail Blazers,110,,
1228,10:30 PM,Box Score,Phoenix Suns,104,Sacramento Kings,99,,
1229,8:00 PM,Box Score,Los Angeles Lakers,113,San Antonio Spurs,100,,
1230,,,,,,,,
1231,7:00 PM,Box Score,Atlanta Hawks,101,Indiana Pacers,93,,
1232,3:30 PM,Box Score,Golden State Warriors,109,Los Angeles Clippers,105,,
1233,9:43 PM,Box Score,Memphis Grizzlies,86,Oklahoma City Thunder,100,,
1234,12:30 AM,Box Score,Brooklyn Nets,94,Toronto Raptors,87,,
1235,7:00 PM,Box Score,Washington Wizards,102,Chicago Bulls,93,,
1236,9:30 PM,Box Score,Portland Trail Blazers,122,Houston Rockets,120,OT,
1237,3:30 PM,Box Score,Charlotte Bobcats,88,Miami Heat,99,,
1238,1:00 PM,Box Score,Dallas Mavericks,85,San Antonio Spurs,90,,
1239,10:30 PM,Box Score,Golden State Warriors,98,Los Angeles Clippers,138,,
1240,8:00 PM,Box Score,Memphis Grizzlies,111,Oklahoma City Thunder,105,OT,
1241,9:30 PM,Box Score,Washington Wizards,101,Chicago Bulls,99,OT,
1242,7:00 PM,Box Score,Atlanta Hawks,85,Indiana Pacers,101,,
1243,7:30 PM,Box Score,Brooklyn Nets,95,Toronto Raptors,100,,
1244,9:30 PM,Box Score,Portland Trail Blazers,112,Houston Rockets,105,,
1245,7:00 PM,Box Score,Charlotte Bobcats,97,Miami Heat,101,,
1246,8:00 PM,Box Score,Dallas Mavericks,113,San Antonio Spurs,92,,
1247,7:00 PM,Box Score,Indiana Pacers,85,Atlanta Hawks,98,,
1248,10:30 PM,Box Score,Los Angeles Clippers,98,Golden State Warriors,96,,
1249,8:00 PM,Box Score,Oklahoma City Thunder,95,Memphis Grizzlies,98,OT,
1250,7:00 PM,Box Score,Toronto Raptors,98,Brooklyn Nets,102,,
1251,10:30 PM,Box Score,Houston Rockets,121,Portland Trail Blazers,116,OT,
1252,8:00 PM,Box Score,Chicago Bulls,100,Washington Wizards,97,,
1253,2:00 PM,Box Score,Indiana Pacers,91,Atlanta Hawks,88,,
1254,7:00 PM,Box Score,Miami Heat,98,Charlotte Bobcats,85,,
1255,4:30 PM,Box Score,San Antonio Spurs,108,Dallas Mavericks,109,,
1256,9:30 PM,Box Score,Oklahoma City Thunder,92,Memphis Grizzlies,89,OT,
1257,7:00 PM,Box Score,Toronto Raptors,87,Brooklyn Nets,79,,
1258,3:30 PM,Box Score,Los Angeles Clippers,97,Golden State Warriors,118,,
1259,9:30 PM,Box Score,Houston Rockets,120,Portland Trail Blazers,123,OT,
1260,1:00 PM,Box Score,Chicago Bulls,89,Washington Wizards,98,,
1261,7:00 PM,Box Score,Miami Heat,109,Charlotte Bobcats,98,,
1262,9:30 PM,Box Score,San Antonio Spurs,93,Dallas Mavericks,89,,
1263,8:00 PM,Box Score,Atlanta Hawks,107,Indiana Pacers,97,,
1264,8:00 PM,Box Score,Washington Wizards,75,Chicago Bulls,69,,
1265,10:30 PM,Box Score,Golden State Warriors,103,Los Angeles Clippers,113,,
1266,9:00 PM,Box Score,Memphis Grizzlies,100,Oklahoma City Thunder,99,OT,
1267,9:30 PM,Box Score,Portland Trail Blazers,98,Houston Rockets,108,,
1268,7:00 PM,Box Score,Dallas Mavericks,103,San Antonio Spurs,109,,
1269,7:30 PM,Box Score,Brooklyn Nets,113,Toronto Raptors,115,,
1270,7:00 PM,Box Score,Indiana Pacers,95,Atlanta Hawks,88,,
1271,10:30 PM,Box Score,Los Angeles Clippers,99,Golden State Warriors,100,,
1272,8:00 PM,Box Score,Oklahoma City Thunder,104,Memphis Grizzlies,84,,
1273,7:00 PM,Box Score,Toronto Raptors,83,Brooklyn Nets,97,,
1274,8:00 PM,Box Score,San Antonio Spurs,111,Dallas Mavericks,113,,
1275,10:30 PM,Box Score,Houston Rockets,98,Portland Trail Blazers,99,,
1276,5:30 PM,Box Score,Atlanta Hawks,80,Indiana Pacers,92,,
1277,10:30 PM,Box Score,Golden State Warriors,121,Los Angeles Clippers,126,,
1278,8:00 PM,Box Score,Memphis Grizzlies,109,Oklahoma City Thunder,120,,
1279,3:30 PM,Box Score,Dallas Mavericks,96,San Antonio Spurs,119,,
1280,1:00 PM,Box Score,Brooklyn Nets,104,Toronto Raptors,103,,
1281,7:00 PM,Box Score,Washington Wizards,102,Indiana Pacers,96,,
1282,9:42 PM,Box Score,Los Angeles Clippers,122,Oklahoma City Thunder,105,,
1283,7:00 PM,Box Score,Brooklyn Nets,86,Miami Heat,107,,
1284,9:30 PM,Box Score,Portland Trail Blazers,92,San Antonio Spurs,116,,
1285,7:00 PM,Box Score,Washington Wizards,82,Indiana Pacers,86,,
1286,9:30 PM,Box Score,Los Angeles Clippers,101,Oklahoma City Thunder,112,,
1287,7:00 PM,Box Score,Brooklyn Nets,82,Miami Heat,94,,
1288,9:30 PM,Box Score,Portland Trail Blazers,97,San Antonio Spurs,114,,
1289,10:30 PM,Box Score,Oklahoma City Thunder,118,Los Angeles Clippers,112,,
1290,8:00 PM,Box Score,Indiana Pacers,85,Washington Wizards,63,,
1291,8:00 PM,Box Score,Miami Heat,90,Brooklyn Nets,104,,
1292,10:30 PM,Box Score,San Antonio Spurs,118,Portland Trail Blazers,103,,
1293,3:30 PM,Box Score,Oklahoma City Thunder,99,Los Angeles Clippers,101,,
1294,8:00 PM,Box Score,Indiana Pacers,95,Washington Wizards,92,,
1295,8:00 PM,Box Score,Miami Heat,102,Brooklyn Nets,96,,
1296,10:30 PM,Box Score,San Antonio Spurs,92,Portland Trail Blazers,103,,
1297,7:00 PM,Box Score,Washington Wizards,102,Indiana Pacers,79,,
1298,9:30 PM,Box Score,Los Angeles Clippers,104,Oklahoma City Thunder,105,,
1299,7:00 PM,Box Score,Brooklyn Nets,94,Miami Heat,96,,
1300,9:30 PM,Box Score,Portland Trail Blazers,82,San Antonio Spurs,104,,
1301,10:30 PM,Box Score,Oklahoma City Thunder,104,Los Angeles Clippers,98,,
1302,8:00 PM,Box Score,Indiana Pacers,93,Washington Wizards,80,,
1303,3:30 PM,Box Score,Miami Heat,96,Indiana Pacers,107,,
1304,9:00 PM,Box Score,Oklahoma City Thunder,105,San Antonio Spurs,122,,
1305,8:30 PM,Box Score,Miami Heat,87,Indiana Pacers,83,,
1306,9:00 PM,Box Score,Oklahoma City Thunder,77,San Antonio Spurs,112,,
1307,8:30 PM,Box Score,Indiana Pacers,87,Miami Heat,99,,
1308,8:30 PM,Box Score,San Antonio Spurs,97,Oklahoma City Thunder,106,,
1309,8:30 PM,Box Score,Indiana Pacers,90,Miami Heat,102,,
1310,9:00 PM,Box Score,San Antonio Spurs,92,Oklahoma City Thunder,105,,
1311,8:30 PM,Box Score,Miami Heat,90,Indiana Pacers,93,,
1312,9:00 PM,Box Score,Oklahoma City Thunder,89,San Antonio Spurs,117,,
1313,8:30 PM,Box Score,Indiana Pacers,92,Miami Heat,117,,
1314,8:30 PM,Box Score,San Antonio Spurs,112,Oklahoma City Thunder,107,OT,
1315,9:00 PM,Box Score,Miami Heat,95,San Antonio Spurs,110,,
1316,8:00 PM,Box Score,Miami Heat,98,San Antonio Spurs,96,,
1317,9:00 PM,Box Score,San Antonio Spurs,111,Miami Heat,92,,
1318,9:00 PM,Box Score,San Antonio Spurs,107,Miami Heat,86,,
1319,8:00 PM,Box Score,Miami Heat,87,San Antonio Spurs,104,,
